time,open,high,low,close,tick_volume,spread,real_volume
2017-04-03,2362.01,2366.89,2343.43,2357.94,8845,0,0
2017-04-04,2358.74,2362.28,2348.25,2361.78,7433,0,0
2017-04-05,2363.32,2378.59,2347.08,2348.58,9764,0,0
2017-04-06,2349.08,2364.65,2341.35,2358.41,10335,0,0
2017-04-07,2358.42,2364.24,2340.18,2356.11,12786,0,0
2017-04-10,2355.54,2366.85,2351.1,2357.03,6867,0,0
2017-04-11,2357.28,2359.29,2336.6,2354.87,11353,0,0
2017-04-12,2354.62,2359.91,2340.94,2342.7,9034,0,0
2017-04-13,2342.46,2348.52,2327.29,2330.79,9453,0,0
2017-04-14,2330.8,2331.13,2330.8,2330.88,29,0,0
2017-04-17,2328.81,2349.88,2326.32,2348.89,5432,0,0
2017-04-18,2348.64,2350.9,2334.21,2341.98,8576,0,0
2017-04-19,2341.73,2353.29,2335.31,2336.56,6863,0,0
2017-04-20,2337.32,2362.39,2336.57,2356.15,7629,0,0
2017-04-21,2356.4,2360.18,2344.97,2349.24,7008,0,0
2017-04-24,2370.41,2381.21,2369.68,2374.23,8841,0,0
2017-04-25,2373.73,2393.31,2371.99,2387.56,5815,0,0
2017-04-26,2387.07,2398.88,2385.65,2385.65,8200,0,0
2017-04-27,2385.41,2392.97,2382.72,2391.49,6551,0,0
2017-04-28,2390.24,2393.04,2382.57,2384.83,5429,0,0
2017-05-01,2385.25,2395.33,2381.75,2391.34,4667,0,0
2017-05-02,2390.59,2393.4,2386.4,2389.17,4230,0,0
2017-05-03,2388.43,2390.76,2380.24,2387.01,5277,0,0
2017-05-04,2386.51,2395.81,2380.83,2391.1,6224,0,0
2017-05-05,2390.85,2403.1,2383.87,2402.85,5532,0,0
2017-05-08,2406.78,2408.03,2393.47,2398.49,4826,0,0
2017-05-09,2398.0,2404.06,2392.33,2396.33,4133,0,0
2017-05-10,2394.31,2399.89,2390.32,2397.4,7945,0,0
2017-05-11,2396.9,2397.41,2380.96,2392.48,7206,50,0
2017-05-12,2392.94,2393.74,2386.48,2391.02,7064,50,0
2017-05-15,2391.45,2404.45,2390.2,2402.22,5539,50,0
2017-05-16,2401.24,2406.3,2395.56,2399.33,6487,50,0
2017-05-17,2398.33,2398.33,2355.98,2357.73,19124,50,0
2017-05-18,2356.74,2376.02,2345.74,2364.78,23924,50,0
2017-05-19,2365.04,2389.32,2362.3,2383.58,10034,50,0
2017-05-22,2383.51,2395.83,2379.8,2395.09,6608,50,0
2017-05-23,2394.73,2401.05,2388.24,2398.82,8088,50,0
2017-05-24,2398.57,2405.82,2396.25,2404.82,6846,50,0
2017-05-25,2404.33,2419.06,2403.98,2414.56,8493,50,0
2017-05-26,2414.31,2416.81,2409.07,2415.61,6485,50,0
2017-05-29,2415.28,2418.34,2415.04,2415.85,2075,50,0
2017-05-30,2415.21,2415.72,2408.76,2412.29,6217,50,0
2017-05-31,2411.55,2417.41,2403.17,2414.69,9595,50,0
2017-06-01,2413.92,2431.0,2410.94,2429.76,7980,50,0
2017-06-02,2429.98,2440.31,2427.54,2437.81,10531,50,0
2017-06-05,2436.24,2439.8,2433.75,2435.82,5082,50,0
2017-06-06,2435.08,2436.55,2427.03,2430.56,8028,50,0
2017-06-07,2430.07,2435.42,2424.41,2432.43,9822,50,0
2017-06-08,2431.93,2439.42,2427.66,2434.69,10226,50,0
2017-06-09,2427.94,2446.46,2415.44,2430.98,20602,25,0
2017-06-12,2430.46,2431.49,2419.8,2429.81,18054,25,0
2017-06-13,2428.25,2441.05,2427.0,2440.1,19591,0,0
2017-06-14,2439.92,2445.27,2427.73,2436.3,23838,25,0
2017-06-15,2435.33,2435.85,2417.84,2433.43,20100,25,0
2017-06-16,2432.93,2438.25,2421.96,2435.73,18118,25,0
2017-06-19,2435.52,2453.33,2434.65,2449.63,17137,25,0
2017-06-20,2449.54,2452.86,2435.9,2438.7,17079,25,0
2017-06-21,2437.86,2441.85,2429.81,2434.31,19594,25,0
2017-06-22,2433.85,2440.94,2430.12,2433.68,16689,25,0
2017-06-23,2433.41,2441.03,2430.47,2434.32,15706,25,0
2017-06-26,2434.81,2449.85,2432.26,2438.34,16026,25,0
2017-06-27,2437.89,2439.74,2419.26,2420.47,18372,15,0
2017-06-28,2419.52,2444.65,2416.09,2444.64,20772,23,0
2017-06-29,2443.74,2447.13,2404.63,2423.4,26757,23,0
2017-06-30,2423.06,2432.18,2417.34,2423.9,20769,23,0
2017-07-03,2424.09,2438.96,2424.09,2427.46,14390,23,0
2017-07-04,2425.48,2433.81,2423.72,2427.81,10774,23,0
2017-07-05,2426.48,2434.12,2421.08,2431.26,18683,23,0
2017-07-06,2429.42,2431.68,2406.76,2411.39,20930,23,0
2017-07-07,2410.8,2426.5,2409.02,2425.97,18849,23,0
2017-07-10,2424.82,2431.71,2421.15,2425.91,19287,23,0
2017-07-11,2425.46,2429.48,2412.23,2427.02,15945,23,0
2017-07-12,2426.78,2445.44,2424.34,2442.93,15452,23,0
2017-07-13,2442.92,2448.76,2440.94,2448.27,15466,23,0
2017-07-14,2448.24,2463.13,2444.03,2459.11,15334,23,0
2017-07-17,2459.57,2462.71,2456.39,2461.98,14424,23,0
2017-07-18,2461.57,2463.17,2450.12,2462.4,14983,23,0
2017-07-19,2461.93,2474.04,2459.91,2473.54,14502,23,0
2017-07-20,2472.76,2478.31,2467.83,2475.1,15448,23,0
2017-07-21,2474.59,2477.43,2465.15,2471.95,14653,23,0
2017-07-24,2472.13,2473.03,2465.96,2470.0,14236,23,0
2017-07-25,2469.29,2481.63,2469.02,2478.4,13932,23,0
2017-07-26,2477.56,2482.39,2474.4,2476.93,14886,23,0
2017-07-27,2477.51,2483.11,2459.89,2474.91,19572,23,0
2017-07-28,2474.44,2474.49,2464.01,2473.35,17050,23,0
2017-07-31,2473.75,2477.87,2468.34,2471.66,14812,23,0
2017-08-01,2471.36,2480.17,2469.37,2477.44,14648,23,0
2017-08-02,2477.2,2478.54,2466.05,2476.33,14436,23,0
2017-08-03,2475.94,2477.04,2468.79,2473.31,13895,23,0
2017-08-04,2473.5,2480.36,2470.27,2474.62,13605,23,0
2017-08-07,2475.45,2481.08,2474.94,2480.81,12820,23,0
2017-08-08,2480.31,2491.06,2470.1,2474.33,13442,23,0
2017-08-09,2471.67,2476.55,2461.24,2476.05,18357,23,0
2017-08-10,2475.81,2475.81,2434.65,2435.91,20470,23,0
2017-08-11,2435.67,2448.01,2431.97,2442.27,20267,23,0
2017-08-14,2443.62,2468.19,2443.62,2466.7,16062,23,0
2017-08-15,2465.69,2474.44,2461.52,2466.04,15457,23,0
2017-08-16,2465.27,2474.61,2462.28,2467.39,15829,23,0
2017-08-17,2467.11,2469.17,2424.72,2428.24,21866,23,0
2017-08-18,2427.41,2440.29,2420.5,2426.02,22868,23,0
2017-08-21,2429.95,2432.48,2417.1,2429.81,18479,23,0
2017-08-22,2429.21,2455.33,2428.51,2454.83,15910,23,0
2017-08-23,2454.38,2455.64,2439.94,2441.0,17202,23,0
2017-08-24,2440.95,2450.04,2435.78,2443.31,17349,23,0
2017-08-25,2443.67,2454.48,2438.44,2443.51,15783,23,0
2017-08-28,2442.32,2450.37,2437.57,2445.4,13731,23,0
2017-08-29,2432.72,2449.56,2422.22,2448.02,20359,23,0
2017-08-30,2447.37,2460.25,2443.23,2456.23,13587,23,0
2017-08-31,2455.7,2474.59,2455.2,2470.82,14126,23,0
2017-09-01,2470.65,2480.01,2470.39,2474.51,13501,23,0
2017-09-04,2461.75,2469.62,2461.01,2468.6,9887,23,0
2017-09-05,2467.88,2472.19,2446.46,2460.98,19847,23,0
2017-09-06,2460.46,2469.83,2457.46,2465.08,17511,23,0
2017-09-07,2463.48,2469.09,2457.99,2466.59,16758,23,0
2017-09-08,2466.52,2467.78,2457.58,2463.16,16373,23,0
2017-09-11,2471.85,2489.72,2470.09,2489.2,13986,23,0
2017-09-12,2488.8,2497.7,2487.61,2497.42,13872,23,0
2017-09-13,2497.68,2498.28,2491.72,2497.82,13647,23,0
2017-09-14,2496.28,2498.55,2490.0,2496.57,19273,23,0
2017-09-15,2495.51,2502.13,2489.03,2502.11,19128,23,0
2017-09-18,2501.6,2508.43,2500.18,2505.45,15743,23,0
2017-09-19,2504.97,2508.34,2503.25,2505.57,15044,23,0
2017-09-20,2505.63,2509.73,2496.75,2507.5,19227,23,0
2017-09-21,2506.91,2508.69,2499.24,2503.27,16271,23,0
2017-09-22,2503.23,2503.59,2494.74,2502.34,16606,23,0
2017-09-25,2501.82,2507.34,2488.14,2500.94,21406,23,0
2017-09-26,2501.19,2504.01,2495.0,2498.07,18633,23,0
2017-09-27,2497.54,2512.16,2495.87,2506.64,18637,23,0
2017-09-28,2505.66,2510.82,2501.74,2510.28,17190,23,0
2017-09-29,2509.54,2520.57,2507.54,2520.08,15602,23,0
2017-10-02,2520.81,2530.94,2520.04,2530.66,15480,23,0
2017-10-03,2530.06,2536.44,2528.31,2535.91,12815,23,0
2017-10-04,2535.73,2540.84,2532.06,2538.58,13687,23,0
2017-10-05,2537.93,2553.27,2537.15,2551.76,12889,23,0
2017-10-06,2550.45,2551.75,2543.54,2546.85,15296,23,0
2017-10-09,2545.79,2552.64,2541.65,2545.91,13503,23,0
2017-10-10,2545.59,2555.68,2544.93,2551.45,16649,23,0
2017-10-11,2550.96,2555.82,2546.77,2554.82,13394,23,0
2017-10-12,2554.57,2555.6,2548.6,2550.81,11624,23,0
2017-10-13,2550.05,2557.91,2549.32,2555.2,13146,23,0
2017-10-16,2554.91,2560.47,2553.22,2558.24,11947,23,0
2017-10-17,2558.26,2560.62,2555.07,2559.36,10707,23,0
2017-10-18,2559.28,2564.89,2559.02,2563.14,10744,23,0
2017-10-19,2562.44,2564.04,2545.25,2563.79,19609,23,0
2017-10-20,2563.38,2576.99,2562.12,2576.24,14943,23,0
2017-10-23,2575.61,2579.95,2564.48,2565.73,14893,23,0
2017-10-24,2565.35,2572.96,2565.09,2567.7,15037,23,0
2017-10-25,2567.46,2569.04,2544.55,2562.31,22250,23,0
2017-10-26,2562.6,2567.91,2558.67,2564.94,20802,23,0
2017-10-27,2564.93,2583.8,2560.44,2580.03,20767,23,0
2017-10-29,2579.52,2581.54,2578.75,2579.0,457,23,0
2017-10-30,2578.76,2580.61,2568.61,2571.13,16244,23,0
2017-10-31,2570.9,2578.74,2570.13,2575.49,11852,23,0
2017-11-01,2575.24,2588.82,2575.07,2576.35,17500,23,0
2017-11-02,2576.09,2582.23,2565.94,2581.02,20929,23,0
2017-11-03,2581.01,2588.62,2576.83,2584.86,14137,23,0
2017-11-06,2583.37,2593.26,2578.9,2591.99,14420,23,0
2017-11-07,2591.18,2597.03,2584.28,2589.3,17123,23,0
2017-11-08,2587.05,2595.94,2583.3,2594.16,16691,23,0
2017-11-09,2594.05,2597.32,2566.36,2586.16,32823,23,0
2017-11-10,2583.98,2587.77,2573.53,2581.09,23569,23,0
2017-11-13,2583.01,2587.87,2572.58,2583.36,19793,23,0
2017-11-14,2582.2,2584.26,2566.52,2579.82,20791,23,0
2017-11-15,2578.3,2578.51,2557.3,2566.11,27544,23,0
2017-11-16,2565.04,2590.37,2563.24,2586.11,20116,23,0
2017-11-17,2585.23,2586.78,2575.85,2577.1,22015,23,0
2017-11-20,2577.12,2585.13,2568.77,2583.88,22177,23,0
2017-11-21,2583.37,2601.69,2580.62,2597.19,18315,23,0
2017-11-22,2596.98,2601.09,2594.1,2594.86,17238,23,0
2017-11-23,2594.39,2599.19,2590.63,2598.2,11709,23,0
2017-11-24,2596.97,2604.21,2595.71,2602.27,14784,23,0
2017-11-27,2602.4,2606.75,2597.91,2604.28,18237,23,0
2017-11-28,2603.15,2628.52,2598.67,2627.0,21675,23,0
2017-11-29,2626.66,2635.26,2620.99,2626.53,27896,23,0
2017-11-30,2625.55,2658.61,2622.01,2642.65,27633,23,0
2017-12-01,2641.06,2650.86,2605.35,2643.38,62796,23,0
2017-12-04,2655.89,2665.84,2634.38,2636.88,38148,23,0
2017-12-05,2636.55,2649.12,2627.87,2628.12,33547,23,0
2017-12-06,2627.64,2635.23,2620.63,2632.2,33206,23,0
2017-12-07,2630.6,2641.39,2626.61,2639.89,24719,23,0
2017-12-08,2639.88,2652.51,2637.62,2651.74,18602,23,0
2017-12-11,2652.4,2665.2,2649.65,2663.68,18831,23,0
2017-12-12,2663.35,2670.7,2660.66,2665.99,19750,23,0
2017-12-13,2665.86,2672.73,2656.88,2666.74,24702,23,0
2017-12-14,2665.78,2669.82,2648.15,2648.9,21248,23,0
2017-12-15,2649.42,2679.28,2648.91,2679.28,21280,23,0
2017-12-18,2679.44,2694.44,2679.03,2692.21,19427,23,0
2017-12-19,2691.67,2694.57,2679.35,2681.35,17793,23,0
2017-12-20,2681.02,2691.89,2675.64,2678.2,20721,23,0
2017-12-21,2678.19,2692.86,2677.5,2683.65,17639,23,0
2017-12-22,2683.43,2688.22,2679.24,2683.53,14718,23,0
2017-12-26,2684.17,2686.88,2681.0,2684.9,11361,23,0
2017-12-27,2684.95,2687.28,2677.41,2681.19,14624,23,0
2017-12-28,2679.69,2684.33,2678.61,2681.68,11714,23,0
2017-12-29,2680.3,2693.86,2663.42,2663.94,15471,23,0
2018-01-02,2671.36,2692.28,2670.79,2689.99,17659,23,0
2018-01-03,2690.27,2710.72,2688.76,2705.74,15087,23,0
2018-01-04,2706.34,2724.99,2704.59,2721.03,16053,23,0
2018-01-05,2721.29,2739.48,2720.02,2738.72,16889,23,0
2018-01-08,2738.63,2745.31,2733.46,2744.04,15340,23,0
2018-01-09,2742.72,2756.18,2738.99,2746.41,16772,23,0
2018-01-10,2745.92,2748.24,2733.05,2747.36,22647,23,0
2018-01-11,2746.41,2766.86,2744.18,2765.61,16477,23,0
2018-01-12,2765.09,2786.57,2763.35,2785.8,18827,23,0
2018-01-15,2787.75,2794.49,2787.18,2791.88,11797,23,0
2018-01-16,2791.63,2806.05,2766.81,2780.33,26643,23,0
2018-01-17,2780.12,2807.05,2776.58,2801.32,25885,23,0
2018-01-18,2800.85,2805.42,2791.5,2794.59,26164,23,0
2018-01-19,2794.72,2812.91,2789.49,2810.41,22284,23,0
2018-01-22,2802.12,2836.53,2800.31,2834.01,18814,23,0
2018-01-23,2833.65,2843.07,2827.25,2836.85,24017,23,0
2018-01-24,2835.87,2853.78,2824.27,2839.59,33104,23,0
2018-01-25,2838.57,2852.71,2829.78,2841.26,32499,23,0
2018-01-26,2841.25,2874.97,2840.25,2873.69,24016,23,0
2018-01-29,2873.65,2877.91,2851.05,2852.59,26960,23,0
2018-01-30,2852.73,2857.25,2818.09,2822.66,43817,23,0
2018-01-31,2822.65,2839.24,2812.77,2826.05,36970,23,0
2018-02-01,2828.0,2836.57,2808.87,2822.95,41742,23,0
2018-02-02,2826.03,2830.03,2754.71,2756.72,64422,23,0
2018-02-05,2755.67,2762.79,2595.82,2621.1,122859,23,0
2018-02-06,2623.37,2699.55,2528.87,2682.54,299648,23,0
2018-02-07,2686.23,2726.65,2660.29,2667.92,141820,23,0
2018-02-08,2664.31,2686.21,2576.98,2596.0,169494,23,0
2018-02-09,2593.68,2636.67,2529.59,2620.62,206554,23,0
2018-02-12,2628.99,2671.2,2619.84,2652.14,108937,23,0
2018-02-13,2652.98,2667.2,2634.11,2662.96,84976,23,0
2018-02-14,2661.93,2700.88,2626.27,2695.37,88960,23,0
2018-02-15,2693.76,2735.45,2687.4,2733.45,70725,23,0
2018-02-16,2732.85,2753.46,2720.93,2734.99,71084,23,0
2018-02-19,2733.91,2746.99,2719.05,2728.32,23694,23,0
2018-02-20,2727.92,2737.32,2705.32,2715.13,69524,23,0
2018-02-21,2714.1,2747.29,2693.28,2698.34,72777,23,0
2018-02-22,2697.86,2730.54,2681.65,2713.34,77451,23,0
2018-02-23,2712.22,2749.87,2709.41,2745.59,56173,23,0
2018-02-26,2751.69,2785.89,2742.5,2784.16,42381,23,0
2018-02-27,2783.48,2789.39,2741.91,2746.68,71297,23,0
2018-02-28,2746.15,2761.54,2711.89,2718.59,71183,23,0
2018-03-01,2718.39,2730.77,2658.53,2679.57,127346,23,0
2018-03-02,2678.38,2695.35,2646.51,2688.85,107381,23,0
2018-03-05,2680.55,2726.19,2663.83,2717.28,78105,23,0
2018-03-06,2717.55,2732.77,2709.05,2722.64,65127,23,0
2018-03-07,2693.76,2729.06,2680.02,2721.12,79599,23,0
2018-03-08,2720.89,2738.93,2718.31,2736.7,52558,23,0
2018-03-09,2735.86,2785.71,2728.86,2782.46,48802,23,0
2018-03-11,2783.68,2791.54,2783.43,2791.18,1104,23,0
2018-03-12,2791.46,2800.09,2778.68,2783.38,40610,23,0
2018-03-13,2783.37,2802.12,2758.2,2762.48,63382,23,0
2018-03-14,2762.52,2778.93,2744.02,2753.16,72886,23,0
2018-03-15,2752.98,2763.25,2740.44,2753.25,50368,23,0
2018-03-16,2753.24,2762.16,2746.24,2751.43,40037,23,0
2018-03-18,2752.55,2752.55,2747.5,2749.53,1279,23,0
2018-03-19,2749.55,2752.32,2692.73,2715.02,64143,23,0
2018-03-20,2715.02,2724.81,2708.61,2716.89,49926,23,0
2018-03-21,2717.16,2739.51,2708.24,2714.29,57340,23,0
2018-03-22,2714.31,2721.98,2630.14,2634.64,96669,23,0
2018-03-23,2634.93,2654.51,2582.03,2593.86,124242,23,0
2018-03-26,2591.49,2659.42,2587.45,2656.15,92589,23,0
2018-03-27,2655.93,2676.28,2592.82,2609.59,95935,23,0
2018-03-28,2608.57,2629.95,2589.41,2604.47,151682,23,0
2018-03-29,2606.36,2656.05,2597.38,2633.09,90648,23,0
2018-04-02,2632.44,2638.44,2549.09,2579.59,112396,23,0
2018-04-03,2578.26,2615.92,2570.6,2609.73,97857,23,0
2018-04-04,2608.99,2646.93,2556.83,2642.17,111749,23,0
2018-04-05,2642.54,2669.21,2641.04,2659.24,78755,23,0
2018-04-06,2659.93,2660.94,2581.84,2602.14,125780,23,0
2018-04-09,2605.3,2650.92,2605.3,2615.19,73463,23,0
2018-04-10,2614.37,2664.38,2609.12,2652.63,104209,23,0
2018-04-11,2653.02,2659.42,2624.15,2640.94,72307,23,0
2018-04-12,2640.68,2673.08,2637.96,2662.82,58564,23,0
2018-04-13,2660.51,2678.65,2642.92,2657.2,60590,23,0
2018-04-16,2672.04,2685.68,2659.32,2678.67,48560,23,0
2018-04-17,2678.42,2712.61,2677.43,2704.36,41435,23,0
2018-04-18,2703.61,2717.48,2702.84,2709.78,39243,23,0
2018-04-19,2710.44,2712.0,2680.58,2691.89,47204,23,0
2018-04-20,2691.79,2697.15,2658.92,2670.48,51008,23,0
2018-04-23,2683.06,2683.11,2656.97,2671.49,46142,23,0
2018-04-24,2671.69,2688.3,2615.83,2634.85,71981,23,0
2018-04-25,2635.17,2648.05,2610.98,2646.53,72914,23,0
2018-04-26,2648.1,2677.71,2639.36,2673.47,48579,23,0
2018-04-27,2674.56,2676.22,2657.95,2671.75,48526,23,0
2018-04-30,2670.94,2682.66,2645.7,2646.0,41571,23,0
2018-05-01,2646.89,2658.54,2623.74,2656.03,45783,23,0
2018-05-02,2655.78,2659.38,2625.2,2626.72,52567,23,0
2018-05-03,2627.16,2636.78,2591.82,2632.08,68982,23,0
2018-05-04,2632.61,2669.78,2612.7,2664.03,52194,23,0
2018-05-07,2663.21,2682.3,2662.14,2669.56,40179,23,0
2018-05-08,2669.29,2675.42,2653.41,2671.45,49130,23,0
2018-05-09,2670.66,2700.82,2667.41,2696.83,38163,23,0
2018-05-10,2696.48,2725.39,2693.23,2716.91,34956,23,0
2018-05-11,2715.95,2732.12,2715.95,2727.92,35297,23,0
2018-05-14,2727.69,2741.29,2724.56,2729.33,28636,23,0
2018-05-15,2728.49,2731.22,2700.86,2709.88,50569,23,0
2018-05-16,2710.2,2727.56,2704.12,2721.58,32835,23,0
2018-05-17,2721.06,2731.17,2709.96,2717.74,34946,23,0
2018-05-18,2717.82,2725.85,2707.86,2711.18,37577,23,0
2018-05-21,2728.73,2738.63,2723.82,2731.93,28041,23,0
2018-05-22,2731.14,2741.26,2721.26,2725.07,26160,23,0
2018-05-23,2724.27,2732.63,2704.29,2730.15,40615,23,0
2018-05-24,2729.54,2733.15,2705.65,2726.96,38849,23,0
2018-05-25,2726.28,2737.16,2713.27,2720.55,34971,23,0
2018-05-28,2729.47,2731.99,2718.54,2723.07,18210,23,0
2018-05-29,2722.46,2724.23,2675.37,2693.38,64217,23,0
2018-05-30,2693.23,2729.09,2685.69,2722.83,42845,23,0
2018-05-31,2719.8,2727.84,2699.14,2706.93,48507,23,0
2018-06-01,2706.92,2736.32,2705.17,2734.34,34899,23,0
2018-06-04,2729.9,2749.28,2728.67,2746.33,28085,23,0
2018-06-05,2745.93,2753.09,2739.03,2751.6,27342,23,0
2018-06-06,2751.4,2774.79,2748.2,2773.53,24736,23,0
2018-06-07,2772.72,2779.32,2759.86,2772.64,33035,23,0
2018-06-08,2771.04,2779.48,2751.86,2778.71,42692,23,0
2018-06-11,2771.37,2790.75,2770.82,2782.78,29005,23,0
2018-06-12,2782.01,2790.18,2778.92,2788.95,36368,23,0
2018-06-13,2788.36,2792.14,2774.51,2776.01,36428,23,0
2018-06-14,2773.42,2789.06,2767.46,2783.34,36807,23,0
2018-06-15,2782.3,2783.15,2760.42,2777.75,36771,23,0
2018-06-18,2775.12,2782.12,2756.46,2773.76,26790,23,0
2018-06-19,2773.92,2775.4,2731.19,2761.57,51314,23,0
2018-06-20,2761.08,2773.99,2752.61,2766.77,34090,23,0
2018-06-21,2766.79,2780.85,2742.72,2746.49,45783,23,0
2018-06-22,2745.93,2764.07,2744.66,2752.86,31179,23,0
2018-06-25,2752.77,2754.03,2696.9,2718.67,60972,23,0
2018-06-26,2718.73,2731.62,2711.28,2721.12,49227,23,0
2018-06-27,2723.11,2744.52,2697.54,2702.06,71764,23,0
2018-06-28,2701.82,2723.66,2690.56,2717.89,78669,23,0
2018-06-29,2717.46,2742.65,2714.24,2718.42,54689,23,0
2018-07-02,2718.47,2726.4,2696.5,2725.15,52346,23,0
2018-07-03,2723.19,2737.34,2708.09,2709.09,44934,23,0
2018-07-04,2709.67,2720.25,2706.87,2718.33,21711,23,0
2018-07-05,2717.45,2735.42,2708.19,2734.39,49862,23,0
2018-07-06,2731.99,2762.14,2726.8,2758.64,45545,23,0
2018-07-09,2757.54,2783.49,2757.29,2782.96,29087,23,0
2018-07-10,2782.92,2793.36,2776.38,2781.88,29512,23,0
2018-07-11,2777.09,2783.52,2761.63,2771.3,52364,23,0
2018-07-12,2772.1,2796.97,2769.3,2793.98,33279,23,0
2018-07-13,2794.48,2803.33,2789.37,2800.18,29270,23,0
2018-07-16,2802.48,2805.27,2791.6,2792.92,25835,23,0
2018-07-17,2792.64,2812.34,2786.51,2809.84,26429,23,0
2018-07-18,2809.57,2815.02,2803.72,2811.78,21486,23,0
2018-07-19,2811.53,2814.59,2797.17,2801.97,30913,23,0
2018-07-20,2802.6,2807.39,2789.97,2799.56,36149,23,0
2018-07-23,2802.01,2809.93,2790.02,2808.93,28717,23,0
2018-07-24,2808.08,2828.72,2807.79,2816.5,30492,23,0
2018-07-25,2817.01,2847.2,2811.78,2842.71,28740,23,0
2018-07-26,2833.46,2844.37,2831.23,2837.89,31323,23,0
2018-07-27,2838.89,2845.01,2807.03,2816.08,38162,23,0
2018-07-30,2814.08,2820.41,2797.2,2804.44,30478,23,0
2018-07-31,2804.19,2826.38,2801.46,2824.89,32400,23,0
2018-08-01,2823.13,2824.54,2804.54,2812.82,29326,23,0
2018-08-02,2812.51,2829.99,2789.88,2829.46,28468,23,0
2018-08-03,2829.11,2840.07,2823.44,2839.8,23740,23,0
2018-08-06,2840.2,2852.39,2834.04,2848.39,29394,23,0
2018-08-07,2848.39,2862.79,2847.16,2860.1,19556,23,0
2018-08-08,2859.52,2861.73,2851.98,2852.99,17152,23,0
2018-08-09,2851.99,2861.64,2849.44,2851.2,17247,23,0
2018-08-10,2850.44,2850.9,2824.3,2837.34,32765,23,0
2018-08-13,2833.7,2842.61,2818.66,2824.65,36558,23,0
2018-08-14,2825.18,2842.36,2824.43,2840.61,27774,23,0
2018-08-15,2840.61,2841.68,2801.49,2821.31,42359,23,0
2018-08-16,2819.78,2849.4,2814.98,2841.66,28001,23,0
2018-08-17,2841.2,2854.9,2832.82,2851.15,31696,23,0
2018-08-20,2850.71,2858.93,2848.23,2855.4,22061,23,0
2018-08-21,2855.43,2872.25,2850.5,2853.26,20368,23,0
2018-08-22,2851.52,2866.69,2844.78,2860.22,23873,23,0
2018-08-23,2860.2,2867.1,2852.36,2855.94,23294,23,0
2018-08-24,2855.64,2875.15,2853.91,2874.14,20422,23,0
2018-08-27,2876.93,2898.65,2875.9,2897.89,17454,23,0
2018-08-28,2897.55,2904.46,2892.73,2898.54,19676,23,0
2018-08-29,2898.86,2915.78,2895.93,2913.53,21794,23,0
2018-08-30,2913.56,2914.33,2893.75,2897.57,29241,23,0
2018-08-31,2896.01,2905.44,2889.92,2904.98,29583,23,0
2018-09-03,2905.23,2911.14,2901.06,2907.2,12327,23,0
2018-09-04,2906.7,2910.57,2884.37,2897.68,34367,23,0
2018-09-05,2897.8,2899.11,2876.44,2888.54,40392,23,0
2018-09-06,2886.72,2891.13,2866.12,2876.67,38749,23,0
2018-09-07,2875.98,2883.19,2863.37,2871.22,47385,23,0
2018-09-10,2872.61,2887.39,2872.19,2878.95,30590,23,0
2018-09-11,2878.59,2892.05,2866.51,2889.36,30390,23,0
2018-09-12,2889.57,2894.74,2878.97,2886.79,35234,23,0
2018-09-13,2885.58,2906.0,2883.38,2903.8,29237,23,0
2018-09-14,2902.86,2910.95,2895.52,2904.86,33880,23,0
2018-09-17,2902.6,2905.43,2886.49,2890.52,28120,23,0
2018-09-18,2889.49,2912.14,2877.68,2906.9,33078,23,0
2018-09-19,2906.91,2913.12,2900.28,2911.13,27495,23,0
2018-09-20,2910.57,2935.56,2907.83,2935.53,23652,23,0
2018-09-21,2934.47,2941.87,2927.16,2927.42,24007,23,0
2018-09-24,2924.87,2925.6,2913.36,2921.92,23774,23,0
2018-09-25,2921.67,2929.56,2913.84,2918.11,19180,23,0
2018-09-26,2917.87,2931.58,2903.57,2907.58,22813,23,0
2018-09-27,2906.78,2927.46,2902.85,2917.26,22450,23,0
2018-09-28,2917.65,2920.6,2903.5,2916.6,25148,23,0
2018-10-01,2919.0,2937.92,2918.68,2925.45,21139,23,0
2018-10-02,2925.15,2932.31,2913.74,2926.09,25433,23,0
2018-10-03,2925.09,2941.01,2921.12,2923.07,25818,23,0
2018-10-04,2921.87,2921.87,2883.77,2906.35,43351,23,0
2018-10-05,2905.8,2911.61,2869.46,2891.01,57503,23,0
2018-10-08,2893.43,2894.92,2862.82,2889.11,55330,23,0
2018-10-09,2888.31,2895.94,2870.66,2883.49,51076,23,0
2018-10-10,2882.97,2887.5,2767.91,2767.91,83601,23,0
2018-10-11,2772.19,2795.08,2709.1,2744.88,167014,23,0
2018-10-12,2744.6,2781.2,2728.74,2769.05,123587,23,0
2018-10-15,2767.92,2775.6,2742.26,2743.86,89090,23,0
2018-10-16,2744.8,2815.5,2742.53,2813.49,58198,23,0
2018-10-17,2812.92,2821.47,2780.26,2813.59,72580,23,0
2018-10-18,2811.33,2811.56,2753.71,2772.5,89580,23,0
2018-10-19,2772.18,2798.38,2760.39,2765.67,88927,23,0
2018-10-22,2757.53,2780.42,2748.03,2755.2,81591,23,0
2018-10-23,2754.05,2755.84,2690.95,2744.24,118812,23,0
2018-10-24,2743.82,2748.59,2651.2,2672.96,124792,23,0
2018-10-25,2672.26,2722.46,2657.75,2680.68,118600,23,0
2018-10-26,2677.27,2691.87,2626.59,2661.66,168231,23,0
2018-10-28,2659.65,2674.42,2658.4,2669.39,2447,23,0
2018-10-29,2669.21,2706.27,2602.6,2638.35,135024,23,0
2018-10-30,2638.35,2690.67,2632.71,2686.92,148971,23,0
2018-10-31,2686.45,2737.84,2682.43,2711.27,97671,23,0
2018-11-01,2711.76,2742.19,2708.06,2729.43,84690,23,0
2018-11-02,2729.44,2766.8,2700.31,2723.35,117107,23,0
2018-11-05,2723.55,2744.93,2713.77,2740.94,74277,23,0
2018-11-06,2740.23,2761.91,2730.57,2759.14,63847,23,0
2018-11-07,2757.89,2818.83,2745.91,2818.06,87108,23,0
2018-11-08,2815.59,2817.85,2794.98,2805.25,59100,23,0
2018-11-09,2803.3,2810.85,2764.17,2777.25,76063,23,0
2018-11-12,2778.36,2795.15,2722.47,2730.49,80990,23,0
2018-11-13,2731.64,2756.03,2715.05,2728.81,104693,23,0
2018-11-14,2730.62,2748.0,2686.01,2701.8,119078,23,0
2018-11-15,2700.66,2735.82,2670.03,2732.85,129901,23,0
2018-11-16,2729.96,2747.55,2707.5,2740.59,101042,23,0
2018-11-19,2732.63,2747.46,2681.02,2696.78,98400,23,0
2018-11-20,2695.56,2695.84,2631.45,2636.25,132844,23,0
2018-11-21,2637.77,2670.65,2631.52,2648.22,87194,23,0
2018-11-22,2649.19,2655.72,2628.08,2632.85,35414,23,0
2018-11-23,2634.27,2646.9,2625.59,2628.63,55906,23,0
2018-11-26,2633.1,2675.88,2631.17,2660.65,61726,23,0
2018-11-27,2661.13,2686.56,2655.1,2686.04,87331,23,0
2018-11-28,2686.61,2744.77,2680.87,2741.04,72884,23,0
2018-11-29,2737.91,2754.02,2722.73,2741.3,72958,23,0
2018-11-30,2740.8,2763.74,2728.14,2762.98,56644,23,0
2018-12-03,2794.86,2813.42,2773.22,2789.02,77286,23,0
2018-12-04,2789.61,2789.88,2695.53,2701.27,107816,23,0
2018-12-05,2699.3,2720.43,2697.8,2717.66,26138,23,0
2018-12-06,2712.59,2712.61,2620.45,2694.24,171267,23,0
2018-12-07,2693.12,2708.51,2622.28,2634.8,136393,23,0
2018-12-10,2624.41,2647.83,2582.28,2641.08,145693,23,0
2018-12-11,2642.02,2677.4,2620.91,2631.19,118024,23,0
2018-12-12,2631.48,2686.11,2631.44,2650.39,97326,23,0
2018-12-13,2652.62,2670.76,2637.01,2645.54,99867,23,0
2018-12-14,2644.95,2647.73,2593.35,2595.93,77607,23,0
2018-12-17,2593.08,2612.89,2530.24,2553.0,86552,23,0
2018-12-18,2553.24,2574.48,2527.76,2529.33,92667,23,0
2018-12-19,2530.07,2587.4,2487.64,2501.22,107860,23,0
2018-12-20,2502.61,2515.93,2439.76,2486.0,172252,23,0
2018-12-21,2483.31,2508.08,2409.6,2421.43,159653,23,0
2018-12-24,2417.25,2434.84,2341.38,2341.69,114520,23,0
2018-12-26,2349.33,2478.45,2317.55,2468.23,178710,23,0
2018-12-27,2471.01,2499.12,2397.89,2489.62,180546,23,0
2018-12-28,2491.87,2522.86,2473.31,2487.12,165701,23,0
2018-12-31,2497.65,2513.34,2483.48,2509.03,94504,23,0
2019-01-02,2508.69,2521.72,2453.5,2492.13,153887,23,0
2019-01-03,2481.56,2493.86,2443.92,2451.9,139256,23,0
2019-01-04,2451.67,2539.78,2439.15,2530.31,132030,23,0
2019-01-07,2538.4,2568.51,2524.93,2554.78,91898,23,0
2019-01-08,2554.23,2582.36,2549.1,2571.14,82476,23,0
2019-01-09,2570.13,2597.47,2569.1,2582.48,82521,23,0
2019-01-10,2580.55,2600.13,2561.29,2595.63,81724,23,0
2019-01-11,2594.87,2598.47,2577.96,2596.03,56835,23,0
2019-01-14,2590.32,2592.83,2568.39,2582.79,53450,23,0
2019-01-15,2582.67,2614.83,2581.17,2607.32,66003,23,0
2019-01-16,2606.57,2627.68,2603.79,2616.94,54255,23,0
2019-01-17,2615.68,2646.54,2597.44,2639.56,63269,23,0
2019-01-18,2637.99,2678.44,2633.98,2678.41,65205,23,0
2019-01-21,2672.82,2674.81,2657.39,2664.98,24243,23,0
2019-01-22,2661.61,2667.62,2618.3,2634.77,69313,23,0
2019-01-23,2633.53,2655.38,2614.39,2639.4,69142,23,0
2019-01-24,2637.87,2649.2,2627.96,2639.25,69346,23,0
2019-01-25,2638.19,2674.29,2636.39,2667.29,59788,23,0
2019-01-28,2663.41,2665.66,2623.18,2642.2,64769,23,0
2019-01-29,2641.54,2651.13,2629.48,2647.91,56344,23,0
2019-01-30,2649.6,2690.79,2637.42,2684.54,61551,23,0
2019-01-31,2684.19,2713.64,2676.56,2713.16,63468,23,0
2019-02-01,2708.57,2716.42,2695.95,2705.22,63537,23,0
2019-02-04,2700.83,2726.01,2697.94,2722.25,44286,23,0
2019-02-05,2721.49,2738.92,2717.5,2732.91,40733,23,0
2019-02-06,2732.22,2737.58,2723.57,2729.13,44797,23,0
2019-02-07,2727.65,2729.94,2686.54,2703.85,69567,23,0
2019-02-08,2702.48,2709.14,2681.08,2708.63,61324,23,0
2019-02-11,2711.75,2722.35,2701.25,2708.67,50165,23,0
2019-02-12,2707.47,2748.63,2706.26,2745.9,41783,23,0
2019-02-13,2744.4,2762.54,2743.4,2750.1,40795,23,0
2019-02-14,2748.83,2762.66,2730.19,2741.27,60162,23,0
2019-02-15,2741.06,2778.25,2728.63,2776.99,53590,23,0
2019-02-18,2779.88,2782.63,2773.7,2778.52,21728,23,0
2019-02-19,2777.69,2787.81,2766.48,2779.07,33663,23,0
2019-02-20,2777.77,2790.69,2773.35,2786.95,42474,23,0
2019-02-21,2786.44,2797.75,2764.08,2774.11,48891,23,0
2019-02-22,2773.28,2795.49,2770.56,2795.22,38866,23,0
2019-02-25,2799.76,2814.11,2794.74,2795.9,37861,23,0
2019-02-26,2795.94,2803.8,2783.66,2789.8,38798,23,0
2019-02-27,2787.72,2797.17,2775.33,2796.63,35238,23,0
2019-02-28,2794.82,2795.32,2781.37,2786.99,40059,23,0
2019-03-01,2785.38,2807.99,2782.6,2806.04,34049,23,0
2019-03-04,2813.89,2819.88,2767.5,2791.54,51606,23,0
2019-03-05,2790.71,2799.05,2783.55,2788.92,40986,23,0
2019-03-06,2787.0,2792.65,2768.67,2771.45,42497,23,0
2019-03-07,2770.35,2775.98,2738.51,2749.53,53464,23,0
2019-03-08,2748.53,2751.05,2721.89,2748.46,58209,23,0
2019-03-10,2745.84,2746.32,2742.56,2744.82,825,23,0
2019-03-11,2744.81,2794.17,2737.08,2793.91,29213,23,0
2019-03-12,2793.68,2798.55,2780.95,2791.39,36863,23,0
2019-03-13,2791.42,2821.78,2783.4,2816.91,35881,23,0
2019-03-14,2817.17,2819.32,2802.82,2808.01,36914,23,0
2019-03-15,2808.04,2830.44,2806.5,2824.2,36831,23,0
2019-03-17,2822.39,2823.17,2820.1,2820.64,576,23,0
2019-03-18,2820.36,2838.03,2818.63,2836.49,28328,23,0
2019-03-19,2836.26,2853.42,2823.68,2828.79,35552,23,0
2019-03-20,2828.78,2844.24,2812.2,2820.86,50797,23,0
2019-03-21,2821.15,2860.79,2808.73,2855.88,44404,23,0
2019-03-22,2855.88,2859.42,2800.31,2802.82,75127,23,0
2019-03-24,2808.58,2813.57,2804.3,2806.33,1766,23,0
2019-03-25,2806.35,2810.48,2784.99,2801.79,73467,23,0
2019-03-26,2801.58,2830.45,2801.52,2816.01,52644,23,0
2019-03-27,2815.84,2827.37,2787.65,2801.04,67002,23,0
2019-03-28,2800.82,2819.69,2790.53,2817.11,57691,23,0
2019-03-29,2817.11,2836.59,2816.61,2835.81,44186,23,0
2019-04-01,2841.26,2869.68,2841.26,2866.68,44561,23,0
2019-04-02,2865.09,2870.05,2858.7,2862.79,33068,23,0
2019-04-03,2862.79,2885.74,2861.8,2876.5,38902,23,0
2019-04-04,2876.98,2881.82,2867.3,2879.11,39451,23,0
2019-04-05,2878.84,2894.33,2876.85,2893.79,38953,23,0
2019-04-08,2893.4,2896.2,2880.59,2895.14,34999,23,0
2019-04-09,2893.81,2895.31,2872.96,2877.74,33824,23,0
2019-04-10,2877.52,2891.51,2873.54,2891.22,33718,23,0
2019-04-11,2890.46,2895.6,2881.11,2887.91,32670,23,0
2019-04-12,2887.63,2910.29,2886.37,2907.85,32447,23,0
2019-04-15,2908.76,2909.75,2895.87,2905.69,26252,23,0
2019-04-16,2905.66,2916.54,2900.11,2906.64,30315,23,0
2019-04-17,2905.66,2918.76,2894.05,2896.32,35933,23,0
2019-04-18,2896.76,2907.43,2885.1,2906.26,38129,23,0
2019-04-22,2904.86,2911.6,2895.27,2909.34,25674,23,0
2019-04-23,2908.2,2936.21,2904.47,2934.43,26899,23,0
2019-04-24,2933.95,2936.22,2924.63,2925.16,31086,23,0
2019-04-25,2927.2,2932.48,2911.29,2920.62,32793,23,0
2019-04-26,2920.77,2939.75,2914.3,2936.25,36175,23,0
2019-04-29,2937.27,2949.45,2935.62,2940.71,25215,23,0
2019-04-30,2940.32,2954.31,2923.98,2953.07,32938,23,0
2019-05-01,2953.1,2959.06,2914.21,2914.95,41324,23,0
2019-05-02,2914.22,2931.15,2899.38,2917.19,50548,23,0
2019-05-03,2916.57,2947.55,2914.34,2947.07,34963,23,0
2019-05-06,2914.81,2936.75,2882.05,2911.83,71170,23,0
2019-05-07,2910.02,2929.31,2861.19,2889.2,86839,23,0
2019-05-08,2888.65,2898.07,2867.52,2883.38,84384,23,0
2019-05-09,2882.38,2883.39,2834.51,2870.36,93584,23,0
2019-05-10,2866.9,2890.99,2824.18,2885.53,132338,23,0
2019-05-13,2856.86,2867.58,2800.75,2806.8,109218,23,0
2019-05-14,2805.04,2852.42,2798.22,2838.44,67190,23,0
2019-05-15,2838.64,2858.11,2813.29,2852.86,75759,23,0
2019-05-16,2851.09,2891.69,2837.78,2877.48,61780,23,0
2019-05-17,2877.01,2885.15,2850.11,2858.68,85015,23,0
2019-05-20,2859.86,2874.63,2830.77,2845.79,83571,23,0
2019-05-21,2846.23,2868.89,2844.55,2862.94,54401,23,0
2019-05-22,2863.17,2867.93,2846.77,2855.37,55527,23,0
2019-05-23,2855.87,2856.6,2804.0,2819.03,82069,23,0
2019-05-24,2819.86,2840.04,2817.38,2829.08,55236,23,0
2019-05-27,2830.32,2837.87,2824.82,2830.2,31109,23,0
2019-05-28,2829.85,2840.02,2799.79,2804.06,62211,23,0
2019-05-29,2803.25,2805.01,2765.16,2779.7,77518,23,0
2019-05-30,2778.26,2797.89,2775.67,2789.19,51186,23,0
2019-05-31,2787.49,2789.69,2748.86,2751.38,79351,23,0
2019-06-03,2740.36,2763.0,2728.27,2753.04,97023,23,0
2019-06-04,2753.14,2805.63,2743.41,2805.1,66644,23,0
2019-06-05,2806.04,2828.75,2800.22,2827.97,66460,23,0
2019-06-06,2818.98,2851.91,2811.47,2838.92,61842,23,0
2019-06-07,2837.4,2884.84,2836.66,2876.14,52410,23,0
2019-06-10,2892.56,2905.21,2880.05,2889.73,51289,23,0
2019-06-11,2890.1,2911.03,2879.0,2887.08,48452,23,0
2019-06-12,2886.3,2890.55,2875.12,2881.49,47923,23,0
2019-06-13,2881.13,2895.52,2866.47,2894.09,57157,23,0
2019-06-14,2892.09,2897.38,2879.23,2890.53,49527,23,0
2019-06-17,2890.22,2900.02,2887.42,2892.94,29051,23,0
2019-06-18,2893.12,2931.29,2884.19,2921.07,51976,23,0
2019-06-19,2920.12,2932.3,2909.31,2927.27,49399,23,0
2019-06-20,2926.02,2959.68,2925.8,2953.5,48918,23,0
2019-06-21,2952.52,2964.67,2943.06,2944.22,55064,23,0
2019-06-24,2943.65,2957.5,2943.13,2947.59,41199,23,0
2019-06-25,2947.42,2954.15,2916.55,2919.06,52465,23,0
2019-06-26,2918.86,2935.19,2910.79,2911.77,47995,23,0
2019-06-27,2910.86,2931.79,2910.86,2929.58,44992,23,0
2019-06-28,2929.69,2951.38,2926.21,2949.63,35278,23,0
2019-07-01,2966.32,2978.68,2952.46,2964.99,43413,23,0
2019-07-02,2965.17,2976.85,2955.55,2975.84,38243,23,0
2019-07-03,2975.66,2997.31,2970.14,2996.54,27872,23,0
2019-07-04,2997.87,3000.38,2993.9,2999.25,16570,23,0
2019-07-05,2998.98,3000.53,2967.84,2988.14,37919,23,0
2019-07-08,2987.83,2991.56,2970.47,2975.75,35065,23,0
2019-07-09,2973.67,2982.59,2959.95,2978.85,34134,23,0
2019-07-10,2978.33,3004.25,2967.92,2993.04,42637,23,0
2019-07-11,2992.55,3003.43,2988.3,3000.1,37270,23,0
2019-07-12,2999.08,3013.78,2998.06,3010.28,29657,23,0
2019-07-15,3011.26,3020.09,3007.25,3013.97,25921,23,0
2019-07-16,3013.63,3018.25,3001.05,3002.59,28424,23,0
2019-07-17,3002.61,3009.69,2977.5,2978.07,30241,23,0
2019-07-18,2977.21,3002.18,2971.21,3000.41,38883,23,0
2019-07-19,3001.05,3006.46,2966.52,2967.77,43970,23,0
2019-07-22,2971.65,2990.84,2969.89,2986.6,38294,23,0
2019-07-23,2986.84,3006.05,2985.07,3000.53,32611,23,0
2019-07-24,3000.44,3019.85,2993.77,3015.39,33815,23,0
2019-07-25,3015.91,3025.51,2996.01,3003.82,45071,23,0
2019-07-26,3005.33,3028.02,3004.0,3021.51,29558,23,0
2019-07-29,3022.66,3026.58,3014.56,3022.14,27083,23,0
2019-07-30,3021.39,3026.41,3000.5,3012.35,37490,23,0
2019-07-31,3013.54,3017.89,2955.48,2971.02,61497,23,0
2019-08-01,2968.48,3011.45,2941.69,2945.21,96263,23,0
2019-08-02,2947.24,2958.18,2910.64,2931.97,117938,23,0
2019-08-05,2926.35,2931.38,2818.53,2822.59,124919,23,0
2019-08-06,2813.9,2884.24,2773.67,2875.78,154681,23,0
2019-08-07,2875.1,2892.03,2823.74,2880.8,140500,23,0
2019-08-08,2879.11,2940.75,2870.58,2939.01,78499,23,0
2019-08-09,2928.36,2935.37,2898.95,2923.52,88628,23,0
2019-08-12,2920.73,2930.77,2872.57,2882.35,80739,23,0
2019-08-13,2882.04,2944.13,2866.55,2931.93,105363,23,0
2019-08-14,2930.35,2935.62,2835.08,2835.28,120034,23,0
2019-08-15,2833.33,2870.47,2816.49,2850.54,155193,23,0
2019-08-16,2849.79,2893.25,2848.03,2890.23,72121,23,0
2019-08-19,2892.24,2931.14,2892.01,2921.16,55544,23,0
2019-08-20,2920.19,2931.26,2893.37,2894.38,60499,23,0
2019-08-21,2893.31,2931.75,2892.05,2931.23,49697,23,0
2019-08-22,2930.46,2938.79,2903.27,2919.57,65660,23,0
2019-08-23,2919.66,2935.93,2833.5,2851.27,128326,23,0
2019-08-26,2828.94,2887.57,2809.94,2881.65,121805,23,0
2019-08-27,2881.84,2899.03,2859.79,2866.61,82420,23,0
2019-08-28,2865.47,2890.14,2851.57,2883.39,77483,23,0
2019-08-29,2884.16,2930.11,2874.66,2923.85,65653,23,0
2019-08-30,2922.96,2945.81,2912.34,2922.7,63566,23,0
2019-09-02,2901.82,2926.16,2888.93,2899.94,39775,23,0
2019-09-03,2900.08,2915.09,2890.69,2904.92,91133,23,0
2019-09-04,2903.52,2939.19,2901.73,2937.68,48994,23,0
2019-09-05,2937.31,2985.89,2935.75,2969.44,61415,23,0
2019-09-06,2969.58,2987.45,2969.37,2982.27,51847,23,0
2019-09-09,2980.92,2991.55,2969.35,2979.36,42210,23,0
2019-09-10,2979.41,2984.36,2956.95,2979.03,54216,23,0
2019-09-11,2977.93,3003.85,2971.66,3002.11,47711,23,0
2019-09-12,3001.95,3021.07,3000.53,3008.13,68875,23,0
2019-09-13,3009.57,3022.66,3002.46,3006.22,39195,23,0
2019-09-16,2991.4,3002.5,2980.59,3001.3,46406,23,0
2019-09-17,3001.8,3006.02,2990.9,3005.49,37699,23,0
2019-09-18,3005.56,3010.02,2978.19,3006.96,42693,23,0
2019-09-19,3007.61,3021.89,2988.62,3005.42,38767,23,0
2019-09-20,3004.77,3015.42,2982.93,2986.96,47645,23,0
2019-09-23,2994.45,3005.72,2980.04,2998.89,44857,23,0
2019-09-24,3000.66,3009.91,2956.31,2969.83,68055,23,0
2019-09-25,2969.88,2989.78,2951.73,2984.02,60686,23,0
2019-09-26,2983.92,2993.2,2962.49,2977.81,55544,23,0
2019-09-27,2977.39,2990.73,2944.02,2965.81,65120,23,0
2019-09-30,2975.07,2984.72,2962.9,2982.98,47772,23,0
2019-10-01,2982.15,2992.68,2935.52,2940.79,62073,23,0
2019-10-02,2941.3,2947.33,2873.06,2883.06,76873,23,0
2019-10-03,2882.1,2911.89,2854.54,2911.14,88324,23,0
2019-10-04,2910.37,2953.63,2897.33,2951.62,59711,23,0
2019-10-07,2929.23,2960.07,2928.98,2937.09,59580,23,0
2019-10-08,2935.79,2950.86,2891.67,2894.2,85569,23,0
2019-10-09,2894.34,2932.18,2888.3,2921.25,71083,23,0
2019-10-10,2920.67,2954.08,2882.17,2950.62,105238,23,0
2019-10-11,2949.62,2994.19,2942.05,2970.93,80266,23,0
2019-10-14,2970.04,2983.06,2953.89,2966.22,51813,23,0
2019-10-15,2966.98,3003.38,2966.72,2996.9,46143,23,0
2019-10-16,2997.02,2997.71,2985.04,2992.38,53425,23,0
2019-10-17,2992.15,3008.04,2985.44,2998.32,51285,23,0
2019-10-18,2998.06,3001.35,2975.36,2989.67,51292,23,0
2019-10-21,2984.98,3007.88,2984.44,3007.12,37802,23,0
2019-10-22,3007.34,3014.68,2989.18,2991.19,42066,23,0
2019-10-23,2992.37,3006.74,2982.8,3006.72,45426,23,0
2019-10-24,3007.96,3016.08,2999.83,3003.63,43245,23,0
2019-10-25,3004.62,3027.46,3001.07,3021.02,34819,23,0
2019-10-27,3025.63,3027.36,3024.08,3025.63,1266,23,0
2019-10-28,3025.61,3044.24,3024.35,3038.77,32945,23,0
2019-10-29,3038.77,3047.67,3031.37,3037.21,35161,23,0
2019-10-30,3037.21,3056.63,3025.06,3050.15,44981,23,0
2019-10-31,3050.38,3052.99,3021.75,3035.04,57292,23,0
2019-11-01,3035.04,3066.47,3034.79,3064.73,38244,23,0
2019-11-04,3068.56,3085.65,3066.82,3078.18,35250,23,0
2019-11-05,3078.97,3087.44,3072.05,3073.86,38935,23,0
2019-11-06,3073.67,3080.06,3065.26,3079.31,36209,23,0
2019-11-07,3077.93,3097.78,3071.13,3086.79,42153,23,0
2019-11-08,3086.5,3092.93,3073.1,3092.41,38240,23,0
2019-11-11,3092.28,3093.04,3075.63,3088.68,31854,23,0
2019-11-12,3088.73,3102.95,3082.34,3091.49,35288,23,0
2019-11-13,3092.18,3098.05,3076.93,3097.56,41624,23,0
2019-11-14,3096.58,3100.07,3082.4,3098.19,43043,23,0
2019-11-15,3096.94,3119.57,3095.88,3119.31,33955,23,0
2019-11-18,3119.36,3128.42,3111.72,3122.31,33901,23,0
2019-11-19,3121.82,3132.9,3113.16,3117.45,34740,23,0
2019-11-20,3116.1,3118.73,3090.75,3108.77,52729,23,0
2019-11-21,3096.11,3114.46,3091.13,3104.02,55931,23,0
2019-11-22,3103.99,3114.81,3098.12,3112.16,38335,23,0
2019-11-25,3120.18,3133.81,3116.88,3132.29,25651,23,0
2019-11-26,3131.85,3145.33,3128.61,3144.72,34394,23,0
2019-11-27,3143.77,3155.19,3142.01,3154.69,26220,23,0
2019-11-28,3154.98,3155.24,3141.47,3150.58,16364,23,0
2019-11-29,3149.93,3151.45,3139.56,3143.59,24431,23,0
2019-12-02,3145.88,3159.43,3110.47,3113.25,50345,23,0
2019-12-03,3113.93,3122.21,3070.0,3092.07,66533,23,0
2019-12-04,3091.75,3119.66,3082.04,3111.16,56140,23,0
2019-12-05,3110.28,3124.16,3102.88,3117.46,50354,23,0
2019-12-06,3117.34,3150.46,3116.54,3145.71,37719,23,0
2019-12-09,3147.57,3149.44,3131.21,3132.98,33285,23,0
2019-12-10,3133.17,3142.79,3116.2,3137.04,48371,23,0
2019-12-11,3134.53,3144.47,3129.55,3144.2,38948,23,0
2019-12-12,3143.77,3176.89,3136.91,3169.42,61670,23,0
2019-12-13,3175.63,3184.48,3156.24,3171.55,81735,23,0
2019-12-16,3176.6,3198.32,3173.55,3193.35,34617,23,0
2019-12-17,3192.64,3199.23,3187.69,3190.31,37168,23,0
2019-12-18,3189.31,3198.71,3188.34,3194.75,30333,23,0
2019-12-19,3194.55,3209.59,3190.22,3208.59,26453,23,0
2019-12-20,3208.6,3224.77,3203.87,3220.01,29152,23,0
2019-12-23,3222.24,3230.09,3220.4,3223.92,20662,23,0
2019-12-24,3224.16,3228.19,3219.69,3222.47,12745,23,0
2019-12-26,3224.93,3241.89,3223.92,3239.37,15864,23,0
2019-12-27,3239.13,3251.23,3232.77,3233.56,28983,23,0
2019-12-30,3236.08,3241.66,3214.68,3220.76,36887,23,0
2019-12-31,3220.35,3233.53,3210.42,3233.03,30429,23,0
2020-01-02,3234.12,3259.03,3231.58,3258.76,35547,23,0
2020-01-03,3258.19,3260.47,3204.03,3232.64,66643,23,0
2020-01-06,3217.83,3247.49,3206.6,3240.24,56496,23,0
2020-01-07,3241.17,3254.4,3226.22,3232.98,49223,23,0
2020-01-08,3230.65,3267.8,3181.12,3260.03,101890,23,0
2020-01-09,3260.22,3276.35,3256.96,3274.59,41907,23,0
2020-01-10,3275.99,3286.53,3260.57,3263.37,42028,23,0
2020-01-13,3266.23,3291.17,3266.21,3288.4,32389,23,0
2020-01-14,3289.57,3296.61,3275.39,3287.78,51549,23,0
2020-01-15,3287.94,3299.34,3277.95,3294.14,44991,23,0
2020-01-16,3294.79,3318.22,3294.52,3317.43,35525,23,0
2020-01-17,3317.13,3330.57,3316.37,3324.06,32028,23,0
2020-01-20,3325.96,3329.22,3319.5,3326.33,12906,23,0
2020-01-21,3326.41,3331.04,3308.41,3321.29,40348,23,0
2020-01-22,3322.36,3338.52,3316.54,3318.28,41581,23,0
2020-01-23,3317.82,3328.0,3302.41,3327.25,49756,23,0
2020-01-24,3327.71,3338.03,3281.83,3291.84,63922,23,0
2020-01-27,3270.26,3271.24,3234.84,3243.16,95817,23,0
2020-01-28,3240.86,3286.79,3240.63,3284.52,63353,23,0
2020-01-29,3283.28,3294.4,3267.38,3272.89,62699,23,0
2020-01-30,3273.22,3296.86,3241.22,3295.85,100507,23,0
2020-01-31,3293.25,3298.79,3214.43,3228.95,105157,23,0
2020-02-03,3223.28,3268.39,3223.24,3246.67,91068,23,0
2020-02-04,3245.17,3306.6,3237.41,3301.61,65646,23,0
2020-02-05,3301.3,3339.5,3289.81,3337.21,81301,23,0
2020-02-06,3337.98,3358.53,3333.41,3349.34,62412,23,0
2020-02-07,3349.7,3350.42,3321.54,3324.08,68400,23,0
2020-02-10,3322.98,3354.38,3304.21,3353.13,60811,23,0
2020-02-11,3351.51,3375.13,3349.98,3359.92,49377,23,0
2020-02-12,3360.38,3382.3,3356.35,3381.53,43381,23,0
2020-02-13,3380.72,3384.62,3348.31,3378.86,64364,23,0
2020-02-14,3378.37,3387.69,3365.01,3381.78,45025,23,0
2020-02-17,3382.44,3392.5,3382.44,3388.57,19039,23,0
2020-02-18,3378.4,3378.65,3355.25,3371.06,51236,23,0
2020-02-19,3371.03,3393.67,3370.5,3387.92,35799,23,0
2020-02-20,3390.34,3397.05,3339.16,3367.21,74119,23,0
2020-02-21,3367.06,3368.83,3327.97,3338.26,90502,23,0
2020-02-24,3306.72,3311.69,3213.59,3227.11,154411,23,0
2020-02-25,3223.84,3259.35,3117.46,3138.73,195675,23,0
2020-02-26,3138.29,3182.13,3091.29,3100.14,255207,23,0
2020-02-27,3099.84,3116.56,2944.45,2947.74,300442,23,0
2020-02-28,2948.55,2995.65,2853.3,2988.1,414178,23,0
2020-03-02,2899.5,3093.49,2889.72,3072.5,366764,23,0
2020-03-03,3077.4,3137.71,2974.47,2990.99,349780,23,0
2020-03-04,2989.39,3130.22,2977.83,3111.94,247757,23,0
2020-03-05,3110.11,3114.59,2997.48,3023.43,224312,23,0
2020-03-06,3023.94,3038.51,2899.77,2964.05,291392,23,0
2020-03-08,2915.59,2915.59,2829.34,2841.84,14703,23,0
2020-03-09,2841.86,2851.33,2696.52,2765.57,210632,23,0
2020-03-10,2766.03,2886.06,2730.1,2838.43,338610,23,0
2020-03-11,2838.67,2846.38,2704.16,2769.76,331399,23,0
2020-03-12,2768.48,2769.73,2422.96,2465.74,365071,23,0
2020-03-13,2467.5,2711.25,2397.34,2669.79,326564,23,0
2020-03-15,2676.94,2677.2,2567.27,2569.53,9100,23,0
2020-03-16,2569.51,2569.55,2361.96,2428.24,215090,23,0
2020-03-17,2428.18,2555.35,2366.33,2462.1,316938,23,0
2020-03-18,2462.4,2471.4,2274.98,2451.22,255257,23,0
2020-03-19,2450.71,2473.66,2288.31,2347.42,370383,23,0
2020-03-20,2348.42,2510.63,2271.87,2282.18,367879,23,0
2020-03-22,2229.75,2234.48,2185.46,2185.47,2927,23,0
2020-03-23,2185.48,2396.76,2181.94,2267.51,393038,23,0
2020-03-24,2267.52,2481.25,2252.76,2468.03,320407,23,0
2020-03-25,2468.03,2572.01,2397.51,2484.33,389196,23,0
2020-03-26,2484.07,2638.87,2413.81,2615.38,341592,23,0
2020-03-27,2615.12,2645.11,2516.6,2531.36,305669,23,0
2020-03-30,2467.78,2632.1,2456.01,2624.53,301854,23,0
2020-03-31,2624.54,2646.28,2566.52,2576.04,250508,23,0
2020-04-01,2571.28,2572.02,2445.03,2467.28,250885,23,0
2020-04-02,2470.92,2535.16,2435.16,2525.89,251025,23,0
2020-04-03,2525.58,2539.33,2458.86,2491.1,213792,23,0
2020-04-06,2497.41,2678.38,2494.83,2658.37,187614,23,0
2020-04-07,2655.96,2759.72,2633.63,2646.74,261226,23,0
2020-04-08,2650.02,2761.58,2630.27,2749.08,233760,23,0
2020-04-09,2745.94,2818.74,2709.87,2795.51,248044,23,0
2020-04-13,2825.04,2827.29,2720.29,2769.32,188699,23,0
2020-04-14,2769.02,2854.53,2761.46,2853.26,172672,23,0
2020-04-15,2853.82,2853.85,2760.09,2777.38,181641,23,0
2020-04-16,2777.46,2838.45,2754.89,2838.43,200849,23,0
2020-04-17,2873.05,2893.57,2829.82,2878.09,207981,23,0
2020-04-20,2869.62,2883.91,2813.23,2819.68,168481,23,0
2020-04-21,2816.26,2841.71,2725.97,2742.74,241802,23,0
2020-04-22,2745.73,2815.7,2725.93,2798.68,175087,23,0
2020-04-23,2796.5,2844.99,2781.16,2790.71,174986,23,0
2020-04-24,2785.69,2843.18,2763.45,2836.68,152446,23,0
2020-04-27,2841.26,2889.3,2821.27,2876.23,123345,23,0
2020-04-28,2876.46,2921.7,2859.41,2868.96,136569,23,0
2020-04-29,2880.1,2967.89,2869.1,2966.89,149331,23,0
2020-04-30,2964.11,2973.09,2886.38,2892.33,174876,23,0
2020-05-01,2878.07,2887.52,2819.78,2825.53,143218,23,0
2020-05-04,2795.78,2843.82,2779.02,2835.56,144307,23,0
2020-05-05,2835.11,2897.61,2832.61,2867.09,115747,23,0
2020-05-06,2865.89,2893.9,2839.88,2841.89,127961,23,0
2020-05-07,2840.37,2901.4,2829.85,2889.67,121420,23,0
2020-05-08,2888.11,2939.14,2886.09,2936.64,99239,23,0
2020-05-11,2925.46,2953.18,2896.18,2924.72,106297,23,0
2020-05-12,2926.25,2945.03,2844.01,2845.27,123527,23,0
2020-05-13,2844.61,2882.34,2791.87,2824.1,176926,23,0
2020-05-14,2826.31,2858.79,2765.28,2853.32,189081,23,0
2020-05-15,2851.49,2868.06,2814.25,2859.29,171370,23,0
2020-05-18,2864.27,2969.03,2854.79,2949.06,122689,23,0
2020-05-19,2949.76,2980.53,2918.53,2921.54,145399,23,0
2020-05-20,2917.52,2979.53,2912.49,2975.27,116666,23,0
2020-05-21,2976.57,2977.08,2936.84,2940.34,126203,23,0
2020-05-22,2939.64,2960.67,2907.4,2959.67,123676,23,0
2020-05-25,2952.01,2993.29,2951.25,2992.03,56038,23,0
2020-05-26,2992.46,3022.99,2983.96,2997.98,106975,23,0
2020-05-27,2997.18,3042.73,2968.94,3040.22,143461,23,0
2020-05-28,3038.36,3068.4,3022.62,3040.89,159633,23,0
2020-05-29,3038.9,3060.72,2994.97,3059.68,178962,23,0
2020-06-01,3032.12,3061.38,3010.58,3056.37,130340,23,0
2020-06-02,3055.06,3081.34,3037.5,3080.31,104353,23,0
2020-06-03,3080.39,3130.87,3076.33,3119.63,106725,23,0
2020-06-04,3118.96,3128.21,3088.96,3115.25,133557,23,0
2020-06-05,3114.17,3211.72,3107.68,3187.21,142614,23,0
2020-06-08,3193.56,3232.51,3184.71,3228.24,113101,23,0
2020-06-09,3229.1,3232.05,3191.05,3206.3,115678,23,0
2020-06-10,3206.54,3228.56,3180.81,3185.32,142692,23,0
2020-06-11,3184.44,3189.44,2997.22,3015.53,235778,23,0
2020-06-12,3011.81,3087.59,2982.95,3036.43,250276,23,0
2020-06-15,2992.62,3079.53,2935.61,3077.49,265733,23,0
2020-06-16,3077.22,3167.33,3071.67,3126.83,258867,23,0
2020-06-17,3122.57,3157.74,3105.23,3117.42,208294,23,0
2020-06-18,3115.1,3130.28,3075.3,3111.6,186720,23,0
2020-06-19,3108.73,3155.24,3067.47,3068.73,155587,23,0
2020-06-22,3049.55,3124.85,3038.04,3121.34,139611,23,0
2020-06-23,3122.55,3156.09,3070.88,3123.34,150989,23,0
2020-06-24,3123.36,3139.09,3030.35,3060.6,178241,23,0
2020-06-25,3058.2,3089.99,3015.77,3084.0,192169,23,0
2020-06-26,3081.72,3092.19,3003.21,3013.46,161750,23,0
2020-06-29,2996.55,3061.44,2993.89,3057.17,157449,23,0
2020-06-30,3055.49,3111.25,3040.45,3094.98,125168,23,0
2020-07-01,3094.68,3127.93,3072.9,3110.68,117778,23,0
2020-07-02,3110.76,3165.79,3104.97,3134.05,122786,23,0
2020-07-03,3134.33,3148.06,3115.08,3123.85,61140,23,0
2020-07-06,3132.66,3183.7,3130.86,3178.4,110413,23,0
2020-07-07,3179.17,3193.38,3142.13,3145.15,115443,23,0
2020-07-08,3145.17,3175.67,3134.85,3174.66,117954,23,0
2020-07-09,3175.48,3179.29,3114.01,3150.77,131844,23,0
2020-07-10,3151.03,3189.8,3120.25,3187.77,136744,23,0
2020-07-13,3202.42,3234.89,3149.37,3157.63,138371,23,0
2020-07-14,3158.75,3200.51,3127.48,3191.97,194234,23,0
2020-07-15,3214.92,3240.94,3200.38,3229.9,152624,23,0
2020-07-16,3231.8,3236.56,3196.56,3203.83,140987,23,0
2020-07-17,3206.41,3233.44,3202.9,3221.68,90259,23,0
2020-07-20,3223.49,3258.35,3198.26,3251.8,94258,23,0
2020-07-21,3251.25,3281.27,3247.51,3257.77,105020,23,0
2020-07-22,3258.48,3279.73,3235.28,3274.73,100755,23,0
2020-07-23,3276.04,3292.28,3222.25,3237.53,130160,23,0
2020-07-24,3238.46,3246.73,3199.48,3211.73,127194,23,0
2020-07-27,3218.26,3242.8,3200.01,3242.02,91308,23,0
2020-07-28,3242.79,3254.51,3216.02,3221.11,90602,23,0
2020-07-29,3222.36,3264.84,3212.29,3264.07,70061,23,0
2020-07-30,3263.56,3276.33,3202.55,3275.09,117669,23,0
2020-07-31,3276.86,3280.5,3219.52,3276.28,144122,23,0
2020-08-03,3278.72,3302.76,3261.74,3296.02,99517,23,0
2020-08-04,3297.35,3307.58,3278.3,3306.57,86744,23,0
2020-08-05,3307.09,3330.61,3299.38,3325.11,75618,23,0
2020-08-06,3324.01,3352.25,3307.48,3350.5,94659,23,0
2020-08-07,3349.35,3353.87,3328.59,3353.85,119181,23,0
2020-08-10,3352.4,3363.64,3335.15,3359.16,88484,23,0
2020-08-11,3356.63,3385.17,3325.91,3342.91,114566,23,0
2020-08-12,3345.92,3388.18,3332.14,3375.15,111410,23,0
2020-08-13,3372.56,3387.95,3363.43,3374.59,98334,23,0
2020-08-14,3373.83,3384.88,3354.82,3368.11,92215,23,0
2020-08-17,3371.4,3387.64,3369.61,3384.13,53711,23,0
2020-08-18,3383.61,3394.68,3369.61,3392.39,60181,23,0
2020-08-19,3391.63,3399.36,3369.33,3373.09,64912,23,0
2020-08-20,3372.25,3390.53,3348.24,3386.78,75946,23,0
2020-08-21,3387.16,3399.63,3360.1,3395.65,80966,23,0
2020-08-24,3402.59,3432.57,3396.79,3429.85,68657,23,0
2020-08-25,3430.6,3451.82,3425.06,3447.35,66200,23,0
2020-08-26,3448.03,3486.57,3440.03,3483.34,53583,23,0
2020-08-27,3482.37,3501.13,3467.6,3490.86,102808,23,0
2020-08-28,3491.56,3512.04,3483.54,3509.05,87448,23,0
2020-08-31,3514.44,3526.97,3492.52,3495.49,65826,23,0
2020-09-01,3494.21,3532.22,3486.42,3531.71,79687,23,0
2020-09-02,3530.84,3588.64,3528.36,3579.14,92828,23,0
2020-09-03,3578.97,3587.75,3425.99,3463.78,201579,23,0
2020-09-04,3455.54,3485.54,3349.07,3416.05,269129,23,0
2020-09-07,3420.09,3439.87,3381.88,3434.27,118980,23,0
2020-09-08,3434.53,3448.24,3328.99,3337.51,252968,23,0
2020-09-09,3310.13,3425.34,3296.81,3396.86,189083,23,0
2020-09-10,3397.92,3425.21,3328.44,3342.45,220347,23,0
2020-09-11,3346.05,3375.84,3309.8,3338.57,195907,23,0
2020-09-14,3345.6,3402.62,3345.6,3379.12,133151,23,0
2020-09-15,3379.85,3419.1,3376.05,3405.39,112486,23,0
2020-09-16,3406.02,3429.51,3383.83,3391.02,133710,23,0
2020-09-17,3391.71,3396.48,3320.22,3357.99,181869,23,0
2020-09-18,3355.39,3373.17,3290.9,3326.95,140429,23,0
2020-09-21,3321.87,3336.1,3227.86,3283.63,182346,23,0
2020-09-22,3282.13,3319.39,3266.6,3311.12,137541,23,0
2020-09-23,3312.14,3329.42,3230.67,3240.93,142725,23,0
2020-09-24,3237.55,3278.05,3207.78,3251.57,197833,23,0
2020-09-25,3252.52,3305.79,3216.02,3294.31,146573,23,0
2020-09-28,3297.39,3360.9,3297.39,3358.17,103791,23,0
2020-09-29,3356.71,3372.25,3326.03,3339.5,102641,23,0
2020-09-30,3338.14,3393.2,3300.65,3347.43,173538,23,0
2020-10-01,3354.32,3396.64,3352.38,3376.6,142613,23,0
2020-10-02,3377.14,3383.61,3309.36,3354.93,201429,23,0
2020-10-05,3368.36,3408.7,3355.39,3401.19,91875,23,0
2020-10-06,3401.81,3430.38,3339.63,3341.67,125201,23,0
2020-10-07,3344.52,3425.33,3341.03,3415.89,110396,23,0
2020-10-08,3413.6,3454.6,3413.54,3454.1,90790,23,0
2020-10-09,3454.57,3487.56,3453.04,3484.13,74892,23,0
2020-10-12,3474.15,3548.98,3472.17,3539.99,97247,23,0
2020-10-13,3540.73,3543.45,3499.25,3509.45,139164,23,0
2020-10-14,3509.39,3531.43,3479.68,3486.93,124142,23,0
2020-10-15,3487.67,3494.12,3439.13,3483.42,148142,23,0
2020-10-16,3485.86,3515.85,3469.11,3471.64,111042,23,0
2020-10-19,3478.73,3503.99,3418.49,3441.23,123055,23,0
2020-10-20,3443.94,3477.22,3426.17,3435.42,143798,23,0
2020-10-21,3444.15,3465.35,3428.12,3438.88,143065,23,0
2020-10-22,3436.17,3460.16,3409.86,3458.17,131307,23,0
2020-10-23,3463.08,3469.63,3438.87,3460.12,104689,23,0
2020-10-25,3453.29,3454.01,3433.04,3439.51,3676,23,0
2020-10-26,3439.03,3449.24,3363.49,3404.31,139320,23,0
2020-10-27,3403.81,3417.31,3366.09,3368.36,132713,23,0
2020-10-28,3367.87,3377.33,3268.34,3288.69,184370,23,0
2020-10-29,3288.47,3340.76,3257.47,3277.41,194843,23,0
2020-10-30,3277.47,3303.18,3232.15,3285.72,229872,23,0
2020-11-02,3266.74,3330.56,3250.49,3310.55,190114,23,0
2020-11-03,3310.14,3389.7,3308.35,3366.47,150467,23,0
2020-11-04,3370.22,3486.74,3326.18,3447.96,383886,23,0
2020-11-05,3450.79,3528.86,3434.86,3517.87,222254,23,0
2020-11-06,3514.89,3524.91,3462.9,3515.73,198649,23,0
2020-11-09,3527.95,3673.74,3521.69,3552.49,259734,23,0
2020-11-10,3554.98,3567.93,3511.69,3550.72,263694,23,0
2020-11-11,3551.01,3582.23,3536.42,3578.75,172034,23,0
2020-11-12,3578.5,3579.01,3517.79,3543.55,178263,23,0
2020-11-13,3542.47,3594.29,3522.47,3587.28,130842,23,0
2020-11-16,3591.09,3641.34,3591.06,3632.85,132418,23,0
2020-11-17,3630.68,3634.38,3588.71,3608.42,107929,23,0
2020-11-18,3608.8,3627.04,3560.32,3563.32,103926,23,0
2020-11-19,3564.88,3586.14,3546.08,3565.13,118459,23,0
2020-11-20,3562.44,3586.19,3546.42,3555.42,101833,23,0
2020-11-23,3549.67,3591.44,3549.12,3579.24,105866,23,0
2020-11-24,3579.71,3643.45,3579.63,3641.68,100282,23,0
2020-11-25,3640.35,3657.82,3618.81,3632.61,99285,23,0
2020-11-26,3634.6,3642.11,3616.9,3621.53,37084,23,0
2020-11-27,3624.29,3645.57,3615.79,3640.31,49947,23,0
2020-11-30,3648.0,3654.03,3594.83,3635.83,127757,23,0
2020-12-01,3632.97,3679.45,3628.14,3661.46,101477,23,0
2020-12-02,3662.1,3674.4,3644.2,3671.88,93194,23,0
2020-12-03,3671.7,3683.01,3656.49,3668.76,78351,23,0
2020-12-04,3669.05,3700.82,3666.5,3691.32,63114,23,0
2020-12-07,3695.41,3705.89,3673.39,3682.94,81683,23,0
2020-12-08,3683.82,3708.62,3665.34,3703.87,70566,23,0
2020-12-09,3709.97,3715.2,3660.45,3672.23,103087,23,0
2020-12-10,3671.0,3681.75,3644.72,3666.49,112458,23,0
2020-12-11,3669.97,3675.43,3628.92,3661.23,111979,23,0
2020-12-14,3677.61,3697.87,3642.89,3650.86,96762,23,0
2020-12-15,3652.37,3695.61,3642.84,3693.85,93988,23,0
2020-12-16,3695.91,3711.65,3687.08,3701.2,85855,23,0
2020-12-17,3702.48,3724.45,3699.16,3721.27,65960,23,0
2020-12-18,3720.05,3730.14,3684.17,3723.68,90885,23,0
2020-12-21,3727.99,3730.8,3603.28,3691.07,186953,23,0
2020-12-22,3692.33,3701.63,3670.6,3681.89,125525,23,0
2020-12-23,3681.7,3710.97,3657.88,3694.44,92346,23,0
2020-12-24,3694.32,3705.1,3687.8,3702.12,46572,23,0
2020-12-28,3690.75,3741.83,3688.27,3738.85,60862,23,0
2020-12-29,3740.12,3757.36,3724.09,3733.86,82930,23,0
2020-12-30,3733.96,3747.25,3725.46,3733.5,68208,23,0
2020-12-31,3734.48,3761.79,3723.99,3757.78,52043,23,0
2021-01-04,3760.26,3781.26,3660.52,3704.04,145263,23,0
2021-01-05,3702.83,3738.71,3682.41,3725.96,126517,23,0
2021-01-06,3726.67,3783.68,3694.44,3757.42,212930,23,0
2021-01-07,3759.44,3812.19,3750.36,3803.94,110297,23,0
2021-01-08,3804.48,3832.02,3782.95,3829.97,122191,23,0
2021-01-11,3821.88,3828.57,3784.35,3799.94,124550,23,0
2021-01-12,3802.64,3814.7,3775.91,3800.47,109429,23,0
2021-01-13,3800.11,3821.44,3784.65,3814.16,86257,23,0
2021-01-14,3815.96,3825.48,3793.76,3797.0,83422,23,0
2021-01-15,3800.74,3805.21,3748.96,3753.53,135525,23,0
2021-01-18,3757.88,3776.65,3748.4,3775.86,44275,23,0
2021-01-19,3776.06,3804.8,3775.53,3801.32,77331,23,0
2021-01-20,3802.57,3860.35,3796.31,3848.09,70780,23,0
2021-01-21,3848.55,3867.06,3844.05,3854.11,70352,23,0
2021-01-22,3854.54,3856.55,3820.81,3837.85,82775,23,0
2021-01-25,3842.96,3860.48,3796.2,3854.48,134773,23,0
2021-01-26,3853.04,3869.82,3829.03,3854.56,105638,23,0
2021-01-27,3853.36,3860.32,3714.13,3741.62,196725,23,0
2021-01-28,3740.52,3830.54,3710.8,3774.77,232587,23,0
2021-01-29,3776.1,3783.29,3692.3,3703.59,268055,23,0
2021-02-01,3694.68,3783.71,3663.44,3770.46,177073,23,0
2021-02-02,3771.19,3842.47,3766.9,3835.21,118041,23,0
2021-02-03,3836.76,3850.23,3814.77,3839.01,108007,23,0
2021-02-04,3839.65,3876.21,3818.14,3872.94,83544,23,0
2021-02-05,3871.23,3894.52,3866.22,3890.77,74973,23,0
2021-02-08,3896.29,3917.37,3891.61,3916.85,66742,23,0
2021-02-09,3916.76,3918.77,3900.78,3916.8,61011,23,0
2021-02-10,3917.62,3933.91,3883.89,3913.68,102285,23,0
2021-02-11,3912.66,3925.17,3889.4,3910.68,92033,23,0
2021-02-12,3910.01,3940.8,3895.0,3940.29,63649,23,0
2021-02-15,3941.39,3956.66,3939.42,3955.15,22783,23,0
2021-02-16,3955.18,3963.45,3922.95,3933.46,91016,23,0
2021-02-17,3933.1,3936.12,3900.36,3930.66,115052,23,0
2021-02-18,3931.54,3939.54,3884.28,3914.34,117632,23,0
2021-02-19,3913.61,3934.65,3893.86,3902.41,110375,23,0
2021-02-22,3908.96,3917.71,3864.67,3880.5,137133,23,0
2021-02-23,3881.69,3899.18,3808.19,3879.21,183543,23,0
2021-02-24,3880.17,3931.0,3855.17,3926.73,182944,23,0
2021-02-25,3925.9,3937.17,3813.18,3824.2,219262,23,0
2021-02-26,3824.8,3860.78,3787.3,3811.54,313068,23,0
2021-03-01,3820.51,3914.34,3815.01,3905.06,136347,23,0
2021-03-02,3905.54,3908.81,3868.09,3868.91,169295,23,0
2021-03-03,3870.2,3900.18,3815.41,3816.69,185136,23,0
2021-03-04,3818.31,3843.62,3722.06,3768.1,278689,23,0
2021-03-05,3767.99,3851.71,3730.18,3842.22,288983,23,0
2021-03-08,3858.06,3880.59,3798.04,3831.37,254375,23,0
2021-03-09,3832.02,3902.55,3827.72,3874.52,170435,23,0
2021-03-10,3877.32,3917.13,3857.61,3908.63,187893,23,0
2021-03-11,3908.6,3959.4,3893.82,3935.66,124156,23,0
2021-03-12,3936.93,3947.75,3910.19,3942.72,135811,23,0
2021-03-14,3946.36,3951.9,3941.14,3945.93,2830,23,0
2021-03-15,3945.89,3969.71,3922.2,3961.82,102533,23,0
2021-03-16,3961.65,3980.38,3952.86,3968.34,113877,23,0
2021-03-17,3967.91,3983.63,3935.34,3976.2,147354,23,0
2021-03-18,3976.49,3988.71,3910.97,3915.9,160568,23,0
2021-03-19,3915.67,3933.18,3884.91,3906.43,162740,23,0
2021-03-21,3901.81,3904.3,3896.53,3903.54,2580,23,0
2021-03-22,3903.58,3954.33,3895.04,3942.74,108037,23,0
2021-03-23,3942.31,3948.5,3900.53,3911.89,133123,23,0
2021-03-24,3911.61,3941.14,3887.37,3893.75,139784,23,0
2021-03-25,3893.55,3919.06,3852.78,3913.34,169628,23,0
2021-03-26,3913.27,3977.58,3911.52,3972.07,116795,23,0
2021-03-29,3972.24,3980.98,3938.75,3972.71,150711,23,0
2021-03-30,3973.59,3977.84,3943.33,3958.86,116596,23,0
2021-03-31,3958.17,3993.11,3950.81,3975.09,76816,23,0
2021-04-01,3976.37,4024.4,3973.85,4023.64,65529,23,0
2021-04-05,4037.05,4082.56,4029.98,4079.3,48822,23,0
2021-04-06,4078.41,4084.67,4061.09,4075.4,69529,23,0
2021-04-07,4075.36,4084.15,4065.34,4083.63,64735,23,0
2021-04-08,4081.67,4106.24,4080.42,4106.0,54446,23,0
2021-04-09,4105.43,4129.25,4088.95,4121.22,56270,23,0
2021-04-12,4122.29,4132.33,4112.5,4130.32,69115,23,0
2021-04-13,4130.31,4147.6,4109.31,4141.83,65893,23,0
2021-04-14,4141.39,4151.42,4120.66,4130.67,78629,23,0
2021-04-15,4131.59,4174.15,4127.08,4170.39,59783,23,0
2021-04-16,4169.41,4190.94,4161.87,4180.42,64636,23,0
2021-04-19,4172.84,4182.55,4149.55,4164.33,88644,23,0
2021-04-20,4164.01,4174.71,4118.21,4127.74,101560,23,0
2021-04-21,4129.51,4174.55,4120.48,4164.81,77444,23,0
2021-04-22,4165.24,4179.01,4122.74,4137.26,108147,23,0
2021-04-23,4136.39,4193.97,4134.66,4173.45,67185,23,0
2021-04-26,4177.6,4193.37,4171.32,4188.88,61832,23,0
2021-04-27,4189.1,4199.08,4174.36,4187.62,63609,23,0
2021-04-28,4188.08,4201.4,4180.4,4192.64,71813,23,0
2021-04-29,4192.19,4218.23,4175.22,4207.23,83665,23,0
2021-04-30,4207.71,4208.2,4174.42,4186.98,95179,23,0
2021-05-03,4188.81,4209.59,4188.33,4190.57,72844,23,0
2021-05-04,4191.08,4192.59,4127.85,4165.39,116321,23,0
2021-05-05,4165.86,4187.17,4160.38,4165.41,80190,23,0
2021-05-06,4165.02,4203.77,4147.03,4203.03,117078,23,0
2021-05-07,4203.83,4238.11,4197.58,4232.36,89069,23,0
2021-05-10,4233.15,4243.93,4178.24,4181.69,93495,23,0
2021-05-11,4182.95,4191.48,4109.99,4146.28,178777,23,0
2021-05-12,4145.64,4155.87,4056.65,4057.41,196823,23,0
2021-05-13,4058.77,4131.52,4034.21,4116.01,201012,23,0
2021-05-14,4115.45,4182.74,4109.93,4177.74,114161,23,0
2021-05-17,4173.88,4183.36,4141.39,4165.39,145760,23,0
2021-05-18,4163.66,4183.65,4115.95,4118.9,94570,23,0
2021-05-19,4117.87,4126.6,4059.36,4111.41,182762,23,0
2021-05-20,4111.01,4172.56,4087.76,4156.06,102748,23,0
2021-05-21,4155.66,4188.17,4150.42,4160.68,102806,23,0
2021-05-24,4154.86,4209.17,4145.61,4202.16,73041,23,0
2021-05-25,4201.9,4215.63,4182.38,4191.4,87444,23,0
2021-05-26,4191.37,4207.12,4183.62,4196.64,71051,23,0
2021-05-27,4195.68,4214.02,4180.46,4213.49,79569,23,0
2021-05-28,4213.06,4219.76,4203.29,4205.55,60876,23,0
2021-05-31,4208.43,4212.67,4192.42,4194.96,25711,23,0
2021-06-01,4194.14,4232.4,4194.14,4200.65,74680,23,0
2021-06-02,4200.28,4216.77,4192.46,4208.52,74496,23,0
2021-06-03,4208.91,4214.61,4166.61,4192.66,89142,23,0
2021-06-04,4192.66,4233.15,4178.33,4229.14,68273,23,0
2021-06-07,4230.88,4233.7,4215.4,4228.43,63107,23,0
2021-06-08,4228.34,4237.91,4207.18,4226.41,71043,23,0
2021-06-09,4226.49,4236.04,4218.26,4223.26,54283,23,0
2021-06-10,4223.35,4249.89,4208.12,4239.87,72741,23,0
2021-06-11,4240.03,4248.58,4231.8,4246.15,40477,23,0
2021-06-14,4247.9,4257.68,4233.64,4255.19,42401,23,0
2021-06-15,4255.03,4267.3,4237.79,4247.58,58172,23,0
2021-06-16,4247.81,4251.08,4200.6,4211.83,88353,23,0
2021-06-17,4214.0,4232.79,4192.95,4224.51,118314,23,0
2021-06-18,4225.25,4229.79,4150.8,4151.6,118841,23,0
2021-06-21,4152.76,4229.54,4136.51,4228.27,113577,23,0
2021-06-22,4228.52,4255.09,4215.78,4246.83,69929,23,0
2021-06-23,4247.58,4258.12,4240.6,4243.39,60464,23,0
2021-06-24,4242.98,4273.25,4241.47,4271.73,53335,23,0
2021-06-25,4271.42,4286.24,4263.19,4283.98,50570,23,0
2021-06-28,4285.64,4291.65,4274.12,4290.89,53658,23,0
2021-06-29,4289.59,4300.34,4281.0,4294.06,52852,23,0
2021-06-30,4294.33,4303.54,4278.49,4302.56,61730,23,0
2021-07-01,4303.28,4321.3,4295.26,4318.79,60177,23,0
2021-07-02,4318.07,4355.59,4316.74,4347.58,56542,23,0
2021-07-05,4348.46,4354.74,4341.7,4350.0,27017,23,0
2021-07-06,4350.78,4356.81,4314.07,4336.91,71930,23,0
2021-07-07,4336.88,4361.87,4329.09,4360.88,82263,23,0
2021-07-08,4360.0,4360.25,4287.25,4318.27,138937,23,0
2021-07-09,4318.32,4371.85,4301.06,4369.59,76658,23,0
2021-07-12,4369.88,4387.19,4349.87,4383.74,68602,23,0
2021-07-13,4384.71,4391.73,4364.69,4367.72,72751,23,0
2021-07-14,4367.22,4392.03,4357.71,4374.05,76631,23,0
2021-07-15,4374.16,4377.64,4340.15,4355.44,97345,23,0
2021-07-16,4355.49,4375.48,4321.96,4325.75,91400,23,0
2021-07-19,4326.56,4328.06,4231.81,4269.08,164434,23,0
2021-07-20,4269.51,4336.53,4260.49,4326.77,111179,23,0
2021-07-21,4326.26,4362.86,4317.74,4362.82,90123,23,0
2021-07-22,4361.72,4378.76,4348.98,4378.28,69052,23,0
2021-07-23,4378.56,4414.89,4374.54,4406.16,54771,23,0
2021-07-26,4408.25,4424.01,4382.97,4422.49,77037,23,0
2021-07-27,4422.77,4423.27,4372.06,4390.36,114711,23,0
2021-07-28,4387.57,4415.33,4385.56,4399.57,117310,23,0
2021-07-29,4399.87,4429.67,4387.41,4403.92,69545,23,0
2021-07-30,4402.35,4411.59,4377.53,4401.84,104095,23,0
2021-08-02,4403.48,4426.49,4384.24,4390.5,89458,23,0
2021-08-03,4391.11,4423.89,4372.36,4416.15,91261,23,0
2021-08-04,4416.91,4421.9,4398.39,4403.4,69565,23,0
2021-08-05,4402.92,4429.44,4400.62,4427.9,48856,23,0
2021-08-06,4426.34,4439.64,4422.32,4436.39,55843,23,0
2021-08-09,4434.73,4437.97,4418.4,4433.47,56185,23,0
2021-08-10,4433.97,4444.28,4422.71,4435.76,54035,23,0
2021-08-11,4435.29,4449.55,4426.81,4447.56,57859,23,0
2021-08-12,4444.96,4461.03,4435.23,4460.51,43778,23,0
2021-08-13,4460.5,4467.92,4455.82,4464.64,38723,23,0
2021-08-16,4461.9,4481.18,4437.45,4476.69,41566,23,0
2021-08-17,4476.42,4476.67,4416.7,4442.24,35783,23,0
2021-08-18,4440.87,4453.42,4385.41,4393.94,31564,23,0
2021-08-19,4393.15,4418.18,4351.4,4406.7,57253,23,0
2021-08-20,4406.46,4444.02,4375.23,4441.3,39103,23,0
2021-08-23,4438.75,4488.79,4436.74,4484.82,23394,23,0
2021-08-24,4484.53,4495.08,4480.05,4487.08,19034,23,0
2021-08-25,4487.03,4501.07,4479.53,4496.86,18905,23,0
2021-08-26,4497.33,4497.6,4468.2,4473.21,30577,23,0
2021-08-27,4472.81,4512.88,4465.32,4510.88,22995,23,0
2021-08-30,4510.53,4537.25,4503.7,4533.01,15142,23,0
2021-08-31,4532.02,4544.52,4515.06,4530.54,24174,23,0
2021-09-01,4529.76,4542.05,4521.53,4524.31,18549,23,0
2021-09-02,4523.82,4545.37,4517.58,4538.13,18416,23,0
2021-09-03,4538.06,4550.6,4520.81,4535.09,22396,23,0
2021-09-06,4534.46,4549.51,4525.44,4546.25,11033,23,0
2021-09-07,4545.89,4545.89,4512.4,4519.41,19096,23,0
2021-09-08,4519.08,4526.04,4493.54,4512.81,30189,23,0
2021-09-09,4511.93,4530.47,4486.69,4491.97,28879,23,0
2021-09-10,4492.28,4519.08,4457.55,4462.33,32618,23,0
2021-09-13,4462.14,4493.67,4445.92,4476.44,49981,23,0
2021-09-14,4475.1,4489.14,4435.14,4447.17,55898,23,0
2021-09-15,4446.82,4487.36,4437.56,4486.1,51636,23,0
2021-09-16,4485.69,4487.45,4442.15,4468.92,35324,23,0
2021-09-17,4469.15,4481.46,4415.46,4416.01,37470,23,0
2021-09-20,4421.09,4428.91,4305.15,4353.66,70691,23,0
2021-09-21,4353.41,4406.23,4342.72,4347.22,59971,23,0
2021-09-22,4347.25,4417.29,4331.98,4397.52,54461,23,0
2021-09-23,4396.63,4465.7,4396.63,4449.93,38112,23,0
2021-09-24,4449.15,4463.65,4421.64,4456.9,39450,23,0
2021-09-27,4457.42,4482.63,4435.91,4440.42,36687,23,0
2021-09-28,4440.92,4452.45,4345.51,4356.98,65274,23,0
2021-09-29,4358.37,4388.85,4354.59,4366.86,57711,23,0
2021-09-30,4369.42,4398.84,4304.1,4308.59,61050,23,0
2021-10-01,4310.89,4375.59,4270.06,4360.82,70506,23,0
2021-10-04,4358.95,4371.92,4277.46,4304.21,77130,23,0
2021-10-05,4304.99,4369.02,4278.49,4345.53,53312,23,0
2021-10-06,4344.06,4366.91,4283.32,4364.86,75405,23,0
2021-10-07,4363.84,4429.87,4363.84,4398.64,40686,23,0
2021-10-08,4399.07,4416.12,4384.6,4388.62,50257,23,0
2021-10-11,4390.45,4415.74,4352.73,4356.02,51220,23,0
2021-10-12,4356.8,4373.55,4326.04,4337.28,60780,23,0
2021-10-13,4336.44,4373.16,4327.65,4363.66,50653,23,0
2021-10-14,4362.69,4444.25,4362.67,4443.48,30498,23,0
2021-10-15,4442.23,4475.49,4434.45,4472.99,32275,23,0
2021-10-18,4473.58,4488.12,4444.6,4483.63,34219,23,0
2021-10-19,4484.3,4525.58,4480.08,4523.36,26929,23,0
2021-10-20,4523.56,4540.34,4512.3,4533.06,25993,23,0
2021-10-21,4532.64,4551.12,4518.33,4539.65,28682,23,0
2021-10-22,4539.58,4559.33,4523.32,4537.33,36800,23,0
2021-10-25,4537.69,4574.25,4530.68,4573.47,29560,23,0
2021-10-26,4573.53,4598.02,4569.02,4572.99,30880,23,0
2021-10-27,4572.26,4584.53,4552.05,4556.34,38567,23,0
2021-10-28,4556.61,4597.61,4553.32,4585.4,34048,23,0
2021-10-29,4585.64,4610.9,4566.89,4609.89,36166,23,0
2021-10-31,4617.48,4620.48,4614.19,4614.73,1251,23,0
2021-11-01,4614.74,4627.0,4594.48,4615.11,25448,23,0
2021-11-02,4615.06,4634.6,4601.05,4627.1,22509,23,0
2021-11-03,4627.34,4663.95,4620.87,4662.9,23779,23,0
2021-11-04,4662.9,4683.55,4658.03,4681.87,22808,23,0
2021-11-05,4682.13,4718.66,4674.63,4693.17,27274,23,0
2021-11-08,4685.7,4714.24,4683.43,4698.76,28526,23,0
2021-11-09,4697.89,4707.18,4670.43,4681.94,38052,23,0
2021-11-10,4680.72,4685.96,4631.23,4647.45,41367,23,0
2021-11-11,4650.5,4667.23,4644.2,4652.5,26173,23,0
2021-11-12,4652.55,4690.9,4649.35,4687.17,23716,23,0
2021-11-15,4688.56,4702.83,4672.55,4686.55,24960,23,0
2021-11-16,4686.12,4714.85,4676.07,4701.63,23094,23,0
2021-11-17,4702.11,4705.23,4683.71,4689.73,22222,23,0
2021-11-18,4689.29,4710.33,4672.04,4708.79,26427,23,0
2021-11-19,4709.59,4727.24,4688.22,4701.48,37617,23,0
2021-11-22,4704.16,4744.16,4678.39,4687.92,34797,23,0
2021-11-23,4688.43,4699.21,4652.67,4688.43,61159,23,0
2021-11-24,4688.52,4705.56,4659.77,4704.04,51269,23,0
2021-11-25,4703.84,4720.33,4703.84,4709.1,14351,23,0
2021-11-26,4710.54,4710.54,4580.79,4582.54,87995,23,0
2021-11-29,4591.96,4672.76,4591.96,4658.76,69373,23,0
2021-11-30,4659.4,4669.95,4559.45,4588.24,102010,23,0
2021-12-01,4589.62,4652.86,4500.1,4510.13,83417,23,0
2021-12-02,4516.68,4595.22,4506.92,4587.16,104579,23,0
2021-12-03,4588.52,4607.77,4493.56,4534.8,107422,23,0
2021-12-06,4543.76,4612.75,4532.75,4596.51,84317,23,0
2021-12-07,4595.98,4698.52,4588.69,4696.75,45025,23,0
2021-12-08,4696.71,4713.22,4673.21,4698.71,54021,23,0
2021-12-09,4698.42,4706.94,4663.2,4669.69,47187,23,0
2021-12-10,4670.15,4713.44,4665.15,4712.97,44948,23,0
2021-12-13,4713.66,4731.71,4665.72,4674.2,54146,23,0
2021-12-14,4673.43,4685.95,4606.25,4638.46,78625,23,0
2021-12-15,4637.61,4714.92,4611.38,4711.66,87609,23,0
2021-12-16,4711.49,4752.07,4651.3,4674.57,79260,23,0
2021-12-17,4673.36,4676.87,4599.13,4628.65,92909,23,0
2021-12-20,4623.06,4630.34,4529.55,4578.57,99337,23,0
2021-12-21,4577.51,4651.81,4574.71,4651.03,55973,23,0
2021-12-22,4649.83,4698.89,4630.8,4697.85,42264,23,0
2021-12-23,4697.28,4739.86,4693.31,4725.37,25933,23,0
2021-12-27,4728.24,4792.77,4721.76,4790.75,27445,23,0
2021-12-28,4789.0,4806.58,4779.31,4789.31,34977,23,0
2021-12-29,4791.01,4804.62,4778.81,4792.34,30893,23,0
2021-12-30,4793.16,4807.99,4775.72,4780.72,26471,23,0
2021-12-31,4781.76,4786.56,4759.04,4772.33,29553,23,0
2022-01-03,4780.46,4799.53,4755.76,4793.02,42172,23,0
2022-01-04,4793.23,4816.3,4772.79,4791.82,38779,23,0
2022-01-05,4791.22,4796.0,4697.26,4700.01,51719,23,0
2022-01-06,4701.18,4723.27,4669.72,4701.5,82853,23,0
2022-01-07,4704.17,4712.43,4660.7,4674.22,59507,23,0
2022-01-10,4677.88,4688.68,4579.96,4668.73,74736,23,0
2022-01-11,4671.22,4714.51,4634.5,4711.53,65520,23,0
2022-01-12,4712.04,4746.6,4702.3,4725.35,55930,23,0
2022-01-13,4726.38,4743.36,4649.86,4659.88,58362,23,0
2022-01-14,4661.65,4673.65,4612.93,4671.22,85699,23,0
2022-01-17,4673.1,4678.38,4645.86,4660.94,31088,23,0
2022-01-18,4663.65,4668.57,4566.89,4583.68,79807,23,0
2022-01-19,4585.81,4609.62,4526.14,4531.15,82165,23,0
2022-01-20,4532.07,4600.59,4444.34,4462.39,79883,23,0
2022-01-21,4463.35,4493.1,4388.85,4389.12,135831,23,0
2022-01-24,4395.06,4434.05,4219.58,4416.12,175527,23,0
2022-01-25,4409.12,4413.12,4283.39,4311.92,179244,23,0
2022-01-26,4316.7,4452.98,4301.23,4345.3,154882,23,0
2022-01-27,4355.47,4428.03,4270.25,4349.87,186988,23,0
2022-01-28,4356.08,4432.12,4272.58,4425.87,171803,23,0
2022-01-31,4430.07,4514.13,4402.11,4496.66,96640,23,0
2022-02-01,4500.12,4561.22,4480.69,4556.46,93225,23,0
2022-02-02,4558.23,4592.55,4542.01,4554.26,83669,23,0
2022-02-03,4551.34,4554.4,4468.65,4528.4,97011,23,0
2022-02-04,4523.45,4538.02,4444.74,4490.3,111180,23,0
2022-02-07,4502.6,4522.25,4470.72,4491.73,95442,23,0
2022-02-08,4492.18,4531.71,4464.45,4525.94,72687,23,0
2022-02-09,4526.48,4591.76,4525.2,4588.99,48292,23,0
2022-02-10,4589.89,4590.14,4482.92,4501.48,91531,23,0
2022-02-11,4501.55,4527.04,4400.05,4425.32,118663,23,0
2022-02-14,4419.17,4434.31,4360.77,4401.05,136144,23,0
2022-02-15,4401.34,4473.83,4387.81,4464.81,82232,23,0
2022-02-16,4464.06,4489.86,4428.36,4470.36,74782,23,0
2022-02-17,4471.34,4479.59,4372.35,4379.33,81604,23,0
2022-02-18,4377.97,4415.72,4325.48,4349.25,93717,23,0
2022-02-21,4325.55,4395.59,4289.82,4294.88,75286,23,0
2022-02-22,4265.51,4363.05,4254.51,4316.61,141771,23,0
2022-02-23,4317.34,4350.09,4217.09,4219.1,92059,23,0
2022-02-24,4219.56,4294.34,4105.82,4273.34,213803,23,0
2022-02-25,4270.44,4387.97,4231.45,4384.96,137149,23,0
2022-02-28,4292.06,4388.58,4256.03,4373.56,157448,23,0
2022-03-01,4371.74,4401.99,4278.53,4313.76,128007,23,0
2022-03-02,4313.21,4402.35,4281.59,4376.84,124300,23,0
2022-03-03,4377.34,4421.34,4343.83,4368.56,97770,23,0
2022-03-04,4370.07,4376.55,4284.03,4321.3,140019,23,0
2022-03-07,4307.61,4327.59,4187.82,4188.57,150557,23,0
2022-03-08,4188.95,4277.26,4141.0,4156.48,171905,23,0
2022-03-09,4154.82,4300.1,4153.57,4281.1,129826,23,0
2022-03-10,4279.96,4283.25,4208.47,4258.75,112068,23,0
2022-03-11,4260.06,4336.53,4199.52,4206.75,109938,23,0
2022-03-13,4223.63,4228.87,4211.84,4226.34,4011,23,0
2022-03-14,4226.89,4253.88,4161.12,4185.06,123981,23,0
2022-03-15,4185.77,4271.54,4138.26,4256.35,125529,23,0
2022-03-16,4256.77,4375.88,4247.05,4361.74,132858,23,0
2022-03-17,4361.45,4415.29,4328.72,4387.75,109921,23,0
2022-03-18,4388.01,4474.37,4373.29,4474.09,70042,23,0
2022-03-20,4467.32,4472.06,4462.75,4465.29,1840,23,0
2022-03-21,4464.78,4481.6,4423.85,4460.62,74036,23,0
2022-03-22,4460.4,4523.18,4441.87,4517.69,52725,23,0
2022-03-23,4517.72,4522.48,4453.51,4458.72,58235,23,0
2022-03-24,4458.93,4525.72,4454.15,4518.72,56473,23,0
2022-03-25,4518.44,4547.49,4501.79,4544.27,58932,23,0
2022-03-28,4543.48,4580.61,4518.3,4578.58,60230,23,0
2022-03-29,4578.08,4639.43,4573.83,4629.66,60277,23,0
2022-03-30,4629.65,4633.76,4581.31,4608.35,48910,23,0
2022-03-31,4607.57,4620.26,4532.6,4547.37,48967,23,0
2022-04-01,4546.61,4561.66,4507.69,4544.5,53176,23,0
2022-04-04,4544.65,4586.51,4534.41,4582.49,39488,23,0
2022-04-05,4582.05,4594.62,4514.13,4532.38,44846,23,0
2022-04-06,4532.12,4534.19,4450.46,4477.22,69819,23,0
2022-04-07,4476.67,4521.75,4450.24,4500.76,68826,23,0
2022-04-08,4501.2,4525.53,4474.54,4489.56,55863,23,0
2022-04-11,4494.79,4497.05,4409.61,4415.88,66740,23,0
2022-04-12,4416.51,4472.58,4381.61,4400.82,129335,23,0
2022-04-13,4400.97,4454.61,4389.3,4443.6,65744,23,0
2022-04-14,4444.09,4460.91,4390.43,4393.7,54722,23,0
2022-04-18,4394.04,4411.87,4361.56,4405.15,51153,23,0
2022-04-19,4405.55,4472.64,4377.35,4446.9,56352,23,0
2022-04-20,4445.15,4489.18,4438.15,4473.96,64338,23,0
2022-04-21,4472.85,4513.71,4384.95,4389.45,68231,23,0
2022-04-22,4392.15,4397.98,4252.56,4256.29,81106,23,0
2022-04-25,4264.73,4301.62,4200.55,4299.6,121618,23,0
2022-04-26,4294.16,4308.83,4141.98,4145.17,85233,23,0
2022-04-27,4157.69,4241.71,4154.36,4216.52,125746,23,0
2022-04-28,4220.71,4308.59,4187.79,4266.09,92213,23,0
2022-04-29,4246.81,4284.57,4123.92,4141.42,93959,23,0
2022-05-02,4146.11,4170.4,4061.42,4151.69,127575,23,0
2022-05-03,4151.98,4201.05,4134.27,4179.56,100260,23,0
2022-05-04,4176.81,4308.44,4148.42,4291.45,87903,23,0
2022-05-05,4294.62,4305.93,4104.71,4155.51,115385,23,0
2022-05-06,4151.18,4157.79,4067.02,4116.07,149805,23,0
2022-05-09,4093.78,4103.52,3975.36,3994.15,134034,23,0
2022-05-10,3998.4,4070.43,3958.21,3996.5,145800,23,0
2022-05-11,3995.07,4055.57,3928.88,3947.64,141448,23,0
2022-05-12,3942.78,3965.07,3858.85,3913.86,162266,23,0
2022-05-13,3919.67,4039.26,3919.14,4016.54,89685,23,0
2022-05-16,4027.78,4047.15,3983.13,4003.67,107282,23,0
2022-05-17,4004.16,4094.35,4004.16,4094.06,84610,23,0
2022-05-18,4094.85,4098.35,3909.55,3916.75,79098,23,0
2022-05-19,3918.76,3946.14,3858.81,3902.91,133858,23,0
2022-05-20,3901.95,3951.72,3809.98,3904.52,105274,23,0
2022-05-23,3916.54,3984.38,3908.84,3980.38,103884,23,0
2022-05-24,3952.32,3956.7,3874.19,3952.47,104523,23,0
2022-05-25,3952.41,4000.0,3916.22,3971.5,101478,23,0
2022-05-26,3973.67,4075.97,3962.9,4053.73,70082,23,0
2022-05-27,4050.11,4170.15,4043.09,4169.4,58985,23,0
2022-05-30,4166.57,4204.39,4159.8,4178.63,32794,23,0
2022-05-31,4178.86,4181.8,4104.91,4133.91,100963,23,0
2022-06-01,4138.78,4166.59,4073.61,4098.65,95845,23,0
2022-06-02,4098.46,4180.06,4073.5,4179.3,92358,23,0
2022-06-03,4178.38,4189.62,4097.68,4109.49,89652,23,0
2022-06-06,4113.65,4169.26,4105.66,4122.04,79797,23,0
2022-06-07,4121.71,4165.31,4076.99,4151.28,72998,23,0
2022-06-08,4151.45,4160.5,4106.49,4117.81,74153,23,0
2022-06-09,4117.06,4145.12,4015.9,4024.66,82102,23,0
2022-06-10,4026.04,4030.12,3896.17,3909.4,105654,23,0
2022-06-13,3871.91,3877.43,3733.96,3755.97,154965,23,0
2022-06-14,3756.98,3804.96,3706.77,3740.3,134623,23,0
2022-06-15,3739.71,3839.65,3720.9,3790.42,136518,23,0
2022-06-16,3798.55,3829.82,3638.94,3676.29,134098,23,0
2022-06-17,3678.22,3710.04,3636.08,3678.87,129347,23,0
2022-06-20,3683.85,3722.26,3659.17,3715.5,59790,23,0
2022-06-21,3712.61,3781.28,3708.09,3766.79,65769,23,0
2022-06-22,3764.95,3802.9,3691.02,3757.91,91473,23,0
2022-06-23,3757.78,3803.45,3732.84,3781.95,107296,23,0
2022-06-24,3783.12,3917.33,3779.63,3912.6,62852,23,0
2022-06-27,3914.96,3946.28,3891.11,3908.15,84812,23,0
2022-06-28,3909.9,3948.55,3820.61,3826.9,84644,23,0
2022-06-29,3825.96,3838.37,3799.84,3821.91,93579,23,0
2022-06-30,3821.83,3822.04,3739.46,3779.25,101680,23,0
2022-07-01,3779.95,3831.43,3742.8,3825.19,109861,23,0
2022-07-04,3825.42,3826.63,3791.9,3813.04,43379,23,0
2022-07-05,3812.69,3855.15,3742.31,3831.86,104139,23,0
2022-07-06,3835.31,3873.5,3807.36,3852.25,108928,23,0
2022-07-07,3851.31,3912.25,3830.89,3897.76,65573,23,0
2022-07-08,3895.75,3920.11,3866.33,3903.67,81086,23,0
2022-07-11,3898.01,3898.56,3848.97,3860.23,71704,23,0
2022-07-12,3860.43,3875.31,3803.62,3821.38,78099,23,0
2022-07-13,3824.08,3870.5,3750.95,3795.55,106799,23,0
2022-07-14,3793.77,3804.56,3722.65,3794.98,97543,23,0
2022-07-15,3796.0,3867.44,3779.32,3865.69,76632,23,0
2022-07-18,3877.69,3909.02,3820.1,3838.13,63414,23,0
2022-07-19,3836.2,3947.66,3833.68,3944.92,57706,23,0
2022-07-20,3947.09,3977.26,3922.46,3954.04,71603,23,0
2022-07-21,3954.97,4004.41,3930.1,3990.67,84643,23,0
2022-07-22,3988.63,4016.01,3941.5,3963.56,76003,23,0
2022-07-25,3968.01,3989.14,3946.68,3962.47,69512,23,0
2022-07-26,3959.05,3965.18,3914.24,3939.76,57707,23,0
2022-07-27,3941.22,4043.91,3940.75,4021.43,65121,23,0
2022-07-28,4020.93,4111.66,3995.33,4105.9,68217,23,0
2022-07-29,4103.21,4144.17,4081.12,4132.94,59253,23,0
2022-08-01,4138.37,4148.05,4098.0,4124.07,65423,23,0
2022-08-02,4122.06,4143.75,4081.7,4097.02,76321,23,0
2022-08-03,4098.8,4171.22,4085.54,4153.73,60783,23,0
2022-08-04,4153.62,4174.27,4137.28,4153.32,65472,23,0
2022-08-05,4153.17,4166.94,4104.52,4142.84,66217,23,0
2022-08-08,4148.46,4189.37,4131.18,4152.18,60424,23,0
2022-08-09,4149.64,4156.41,4114.57,4130.86,54913,23,0
2022-08-10,4130.03,4214.98,4115.36,4212.26,54104,23,0
2022-08-11,4211.13,4261.03,4203.56,4219.33,51302,23,0
2022-08-12,4218.04,4282.99,4208.55,4281.24,43377,23,0
2022-08-15,4278.48,4305.25,4249.94,4296.03,37202,23,0
2022-08-16,4295.53,4325.05,4276.5,4307.85,41508,23,0
2022-08-17,4306.15,4311.97,4252.34,4278.16,58130,23,0
2022-08-18,4275.7,4292.26,4254.83,4285.27,49925,23,0
2022-08-19,4284.14,4284.64,4217.66,4225.42,44531,23,0
2022-08-22,4215.19,4218.48,4129.45,4143.97,51334,23,0
2022-08-23,4144.43,4159.67,4115.8,4125.74,58641,23,0
2022-08-24,4125.47,4156.45,4108.57,4147.75,50725,23,0
2022-08-25,4146.67,4200.95,4141.21,4193.49,45644,23,0
2022-08-26,4196.17,4215.37,4042.21,4042.47,67223,23,0
2022-08-29,4022.93,4063.2,4006.03,4035.01,74125,23,0
2022-08-30,4034.69,4071.85,3963.94,3985.76,76420,23,0
2022-08-31,3986.21,4016.57,3951.98,3959.74,88077,23,0
2022-09-01,3954.81,3969.62,3902.05,3966.15,87711,23,0
2022-09-02,3966.34,4017.57,3904.63,3931.65,88789,23,0
2022-09-05,3931.12,3941.68,3914.57,3936.08,45496,23,0
2022-09-06,3936.19,3961.86,3886.16,3908.74,93127,23,0
2022-09-07,3907.38,3988.44,3883.18,3978.72,82078,23,0
2022-09-08,3979.5,4010.54,3942.21,4009.8,85782,23,0
2022-09-09,4009.46,4076.5,4004.98,4065.76,54133,23,0
2022-09-12,4080.71,4119.88,4062.76,4118.96,69461,23,0
2022-09-13,4120.6,4159.71,3920.65,3937.23,106785,23,0
2022-09-14,3937.34,3962.57,3911.36,3955.64,138272,23,0
2022-09-15,3953.53,3959.48,3887.58,3892.57,92568,23,0
2022-09-16,3887.31,3887.31,3835.86,3883.21,84382,23,0
2022-09-19,3872.89,3910.73,3829.83,3906.99,76020,23,0
2022-09-20,3907.2,3920.09,3827.51,3863.56,69330,23,0
2022-09-21,3862.81,3909.18,3776.42,3781.19,97692,23,0
2022-09-22,3778.75,3817.17,3748.02,3758.63,106057,23,0
2022-09-23,3761.6,3767.86,3645.18,3696.24,92114,23,0
2022-09-26,3688.72,3716.0,3643.5,3653.31,128092,23,0
2022-09-27,3653.91,3717.85,3621.41,3651.46,106459,23,0
2022-09-28,3652.27,3737.57,3599.44,3716.35,135803,23,0
2022-09-29,3716.57,3721.95,3608.65,3644.69,122813,23,0
2022-09-30,3641.54,3679.71,3581.94,3590.9,132145,23,0
2022-10-03,3580.9,3698.99,3558.95,3681.76,112190,23,0
2022-10-04,3683.21,3796.04,3673.44,3790.81,92831,23,0
2022-10-05,3789.03,3807.32,3721.51,3783.6,87514,23,0
2022-10-06,3781.43,3805.92,3737.23,3738.5,105766,23,0
2022-10-07,3730.92,3760.03,3619.73,3638.01,97374,23,0
2022-10-10,3624.56,3655.27,3588.08,3615.63,96278,23,0
2022-10-11,3613.29,3641.63,3567.67,3597.44,120413,23,0
2022-10-12,3595.1,3623.97,3574.34,3582.2,123543,23,0
2022-10-13,3584.48,3686.34,3490.75,3668.86,126133,23,0
2022-10-14,3670.06,3722.74,3580.59,3585.86,134200,23,0
2022-10-17,3582.69,3692.5,3580.67,3689.51,89097,23,0
2022-10-18,3696.22,3767.44,3687.74,3749.06,102822,23,0
2022-10-19,3749.32,3764.63,3667.87,3700.96,103829,23,0
2022-10-20,3697.29,3738.34,3657.12,3666.4,110978,23,0
2022-10-21,3667.17,3764.46,3632.59,3763.51,114028,23,0
2022-10-24,3774.39,3814.07,3728.67,3797.85,132920,23,0
2022-10-25,3797.35,3866.71,3782.54,3845.72,82532,23,0
2022-10-26,3831.97,3890.2,3816.73,3846.79,94065,23,0
2022-10-27,3837.03,3863.76,3750.61,3784.6,112334,23,0
2022-10-28,3791.02,3916.31,3768.84,3915.32,91655,23,0
2022-10-30,3903.37,3907.37,3894.62,3900.64,2752,23,0
2022-10-31,3900.9,3904.17,3862.51,3875.83,71195,23,0
2022-11-01,3875.83,3918.11,3843.17,3857.29,76783,23,0
2022-11-02,3857.26,3896.91,3747.24,3752.0,94934,23,0
2022-11-03,3751.74,3773.12,3695.28,3710.83,87721,23,0
2022-11-04,3711.08,3797.14,3702.84,3763.48,109695,23,0
2022-11-07,3739.3,3814.68,3731.02,3805.46,80798,23,0
2022-11-08,3805.96,3860.23,3786.02,3826.34,62331,23,0
2022-11-09,3825.32,3841.3,3743.18,3749.17,90774,23,0
2022-11-10,3750.42,3966.6,3744.48,3966.36,92032,23,0
2022-11-11,3965.13,4003.25,3944.67,3992.84,85774,23,0
2022-11-14,3973.81,4008.94,3955.74,3966.49,71510,23,0
2022-11-15,3966.23,4042.35,3951.9,3987.21,101363,23,0
2022-11-16,3983.34,4007.01,3953.52,3965.82,86984,23,0
2022-11-17,3968.06,3981.23,3903.61,3952.03,71850,23,0
2022-11-18,3951.93,3985.51,3934.08,3962.92,69381,23,0
2022-11-21,3966.29,3974.03,3930.2,3950.3,58273,23,0
2022-11-22,3949.73,4004.96,3937.95,4002.51,48393,23,0
2022-11-23,4003.51,4032.76,3995.33,4032.01,48419,23,0
2022-11-24,4032.03,4042.84,4030.8,4037.23,22277,23,0
2022-11-25,4037.25,4039.69,4019.04,4027.35,28191,23,0
2022-11-28,4015.53,4019.23,3956.19,3967.48,46396,23,0
2022-11-29,3968.16,3985.64,3937.31,3958.4,52777,23,0
2022-11-30,3955.89,4088.86,3938.23,4088.35,71132,23,0
2022-12-01,4087.76,4104.1,4049.33,4072.98,68939,23,0
2022-12-02,4072.94,4080.43,4001.82,4060.98,64481,23,0
2022-12-05,4070.06,4071.58,3984.28,4002.83,54938,23,0
2022-12-06,4002.01,4011.26,3918.67,3941.98,58172,23,0
2022-12-07,3941.4,3958.29,3911.74,3932.18,67434,23,0
2022-12-08,3932.74,3974.61,3913.25,3961.98,55847,23,0
2022-12-09,3962.12,3987.68,3928.21,3929.9,57143,23,0
2022-12-12,3932.38,3992.16,3923.44,3986.69,58220,23,0
2022-12-13,3988.53,4144.42,3984.65,4020.81,133631,23,0
2022-12-14,4019.87,4074.43,3965.29,4006.85,127936,23,0
2022-12-15,4003.65,4009.64,3874.2,3888.56,96682,23,0
2022-12-16,3888.0,3901.79,3823.13,3839.99,81880,23,0
2022-12-19,3842.83,3867.87,3796.57,3810.86,58599,23,0
2022-12-20,3811.77,3835.96,3772.92,3823.78,85714,23,0
2022-12-21,3826.54,3888.21,3825.48,3882.77,56599,23,0
2022-12-22,3884.01,3889.39,3758.74,3817.83,64720,23,0
2022-12-23,3819.23,3846.6,3795.47,3842.63,81430,23,0
2022-12-27,3853.87,3874.09,3811.21,3830.37,54972,23,0
2022-12-28,3830.39,3848.98,3779.09,3784.89,61353,23,0
2022-12-29,3785.41,3857.08,3780.42,3843.9,47334,23,0
2022-12-30,3844.18,3844.95,3796.37,3842.21,55958,23,0
2023-01-03,3872.74,3883.19,3791.62,3820.45,88445,23,0
2023-01-04,3819.05,3873.22,3813.65,3847.8,79158,23,0
2023-01-05,3847.47,3862.28,3799.6,3809.73,72367,23,0
2023-01-06,3810.74,3906.16,3796.51,3891.2,73641,23,0
2023-01-09,3899.57,3951.7,3888.3,3891.82,58042,23,0
2023-01-10,3892.87,3922.61,3870.19,3920.36,67243,23,0
2023-01-11,3920.04,3971.11,3913.71,3970.61,44386,23,0
2023-01-12,3970.62,4000.72,3933.46,3982.38,82805,23,0
2023-01-13,3982.21,4003.94,3941.29,3998.97,55915,23,0
2023-01-16,4001.14,4008.93,3978.06,3991.26,25350,23,0
2023-01-17,3992.66,4016.95,3982.27,3991.13,49262,23,0
2023-01-18,3988.61,4015.73,3926.37,3928.65,60224,23,0
2023-01-19,3925.4,3930.68,3884.29,3902.65,60154,23,0
2023-01-20,3905.47,3973.32,3894.6,3970.85,47716,23,0
2023-01-23,3973.46,4040.96,3964.5,4021.73,48086,23,0
2023-01-24,4021.17,4030.64,3988.74,4022.65,52912,23,0
2023-01-25,4023.4,4023.64,3947.29,4013.18,57924,23,0
2023-01-26,4014.01,4061.24,4011.85,4053.01,59093,23,0
2023-01-27,4049.52,4094.0,4041.71,4068.79,46613,23,0
2023-01-30,4061.54,4071.3,4015.79,4026.07,60280,23,0
2023-01-31,4025.29,4077.53,3994.07,4071.59,55953,23,0
2023-02-01,4072.31,4150.31,4035.81,4129.6,73627,23,0
2023-02-02,4132.65,4195.89,4123.99,4152.95,81201,23,0
2023-02-03,4164.81,4181.71,4120.4,4134.07,84293,23,0
2023-02-06,4124.05,4132.04,4093.9,4113.05,63624,23,0
2023-02-07,4113.28,4178.3,4088.51,4156.58,77283,23,0
2023-02-08,4157.77,4169.66,4112.22,4123.52,60720,23,0
2023-02-09,4121.92,4160.71,4068.95,4087.99,65252,23,0
2023-02-10,4086.42,4094.42,4050.97,4089.44,69223,23,0
2023-02-13,4096.98,4141.48,4069.75,4140.77,49159,23,0
2023-02-14,4140.34,4177.63,4095.21,4132.33,84920,23,0
2023-02-15,4131.85,4152.6,4103.95,4150.63,59929,23,0
2023-02-16,4149.2,4159.2,4086.23,4086.5,62357,23,0
2023-02-17,4085.77,4086.28,4046.74,4076.83,59982,23,0
2023-02-20,4075.06,4081.55,4065.83,4068.63,23124,23,0
2023-02-21,4068.69,4070.22,3995.43,4001.0,52892,23,0
2023-02-22,4000.97,4018.44,3977.47,4002.01,61255,23,0
2023-02-23,4002.22,4028.09,3968.21,4009.01,49734,23,0
2023-02-24,4009.11,4016.9,3941.75,3968.9,52576,23,0
2023-02-27,3971.08,4019.95,3968.05,3986.86,43079,23,0
2023-02-28,3986.73,3999.08,3960.77,3965.03,42280,23,0
2023-03-01,3963.85,3986.61,3939.23,3957.37,48061,23,0
2023-03-02,3954.32,3990.87,3920.55,3979.88,51994,23,0
2023-03-03,3978.54,4049.1,3969.61,4048.34,39427,23,0
2023-03-06,4046.11,4079.53,4038.83,4051.39,40341,23,0
2023-03-07,4050.77,4062.04,3980.54,3987.61,53241,23,0
2023-03-08,3987.76,4001.46,3969.99,3996.32,53059,23,0
2023-03-09,3994.72,4017.56,3907.45,3917.23,52642,23,0
2023-03-10,3914.17,3939.78,3844.66,3875.73,109978,23,0
2023-03-12,3887.73,3927.02,3858.56,3893.08,11997,23,0
2023-03-13,3893.28,3937.97,3808.84,3868.63,208415,23,0
2023-03-14,3868.88,3937.52,3851.61,3914.96,146526,23,0
2023-03-15,3914.96,3930.57,3833.79,3895.87,188853,23,0
2023-03-16,3896.09,3967.05,3862.88,3961.23,118318,23,0
2023-03-17,3961.24,3976.72,3900.43,3914.96,75285,23,0
2023-03-19,3933.06,3945.35,3921.57,3936.59,4215,23,0
2023-03-20,3936.85,3958.71,3866.56,3955.88,91182,23,0
2023-03-21,3955.87,4011.02,3949.29,4005.03,46401,23,0
2023-03-22,4005.02,4041.77,3934.27,3944.28,63575,23,0
2023-03-23,3944.27,4007.68,3917.02,3949.32,66114,23,0
2023-03-24,3949.06,3979.84,3906.12,3977.84,75609,23,0
2023-03-27,3978.04,4004.43,3968.01,3985.57,50626,23,0
2023-03-28,3983.81,3994.49,3951.96,3977.56,37796,23,0
2023-03-29,3977.84,4033.11,3977.33,4029.89,28715,23,0
2023-03-30,4029.37,4059.22,4023.64,4054.91,32268,23,0
2023-03-31,4052.53,4114.59,4049.78,4111.56,30109,23,0
2023-04-03,4105.5,4131.36,4096.01,4127.27,33523,23,0
2023-04-04,4124.93,4145.48,4089.35,4106.72,34260,23,0
2023-04-05,4107.23,4109.3,4073.17,4089.02,31042,23,0
2023-04-06,4086.72,4108.96,4070.37,4104.8,26396,23,0
2023-04-07,4102.54,4121.15,4095.45,4115.97,11525,23,0
2023-04-10,4114.43,4118.43,4074.81,4115.22,24600,23,0
2023-04-11,4113.99,4128.25,4105.39,4115.07,24257,23,0
2023-04-12,4113.72,4154.34,4090.74,4094.28,40109,23,0
2023-04-13,4093.9,4150.09,4083.06,4141.87,29178,23,0
2023-04-14,4141.39,4162.57,4111.91,4145.99,37337,23,0
2023-04-17,4149.48,4156.06,4123.78,4152.6,30315,23,0
2023-04-18,4152.36,4174.51,4140.83,4155.24,26924,23,0
2023-04-19,4153.25,4164.27,4127.63,4150.62,25822,23,0
2023-04-20,4148.72,4150.06,4114.24,4131.06,29633,23,0
2023-04-21,4130.74,4138.51,4112.92,4131.36,33509,23,0
2023-04-24,4128.88,4143.58,4112.84,4136.49,25343,23,0
2023-04-25,4136.33,4137.86,4071.66,4088.94,31311,23,0
2023-04-26,4091.47,4096.25,4049.79,4065.85,38779,23,0
2023-04-27,4065.95,4147.29,4061.52,4139.31,32469,23,0
2023-04-28,4130.61,4174.94,4112.89,4171.72,39844,23,0
2023-05-01,4172.24,4189.26,4161.88,4162.61,30679,23,0
2023-05-02,4162.84,4175.06,4089.29,4117.67,36897,23,0
2023-05-03,4116.94,4150.8,4079.54,4081.05,54982,23,0
2023-05-04,4072.65,4101.84,4046.85,4058.76,57268,23,0
2023-05-05,4061.5,4147.76,4061.24,4133.82,33451,23,0
2023-05-08,4136.06,4147.42,4124.31,4138.39,26733,23,0
2023-05-09,4136.39,4139.81,4118.06,4121.76,25615,23,0
2023-05-10,4120.52,4160.42,4100.04,4140.13,42089,23,0
2023-05-11,4138.94,4155.47,4108.85,4132.78,39319,23,0
2023-05-12,4130.92,4151.44,4098.92,4119.24,33446,23,0
2023-05-15,4119.75,4144.5,4111.41,4137.03,25151,23,0
2023-05-16,4136.33,4139.87,4108.89,4116.4,29508,23,0
2023-05-17,4113.9,4167.4,4110.41,4158.97,25515,23,0
2023-05-18,4158.55,4203.95,4149.47,4203.12,30591,23,0
2023-05-19,4203.83,4215.96,4180.52,4187.11,34345,23,0
2023-05-22,4176.77,4211.88,4176.77,4198.06,29351,23,0
2023-05-23,4196.74,4213.16,4144.01,4150.11,32027,23,0
2023-05-24,4149.87,4157.07,4105.55,4142.22,35187,23,0
2023-05-25,4146.05,4167.32,4123.14,4150.98,41975,23,0
2023-05-26,4148.91,4213.67,4137.97,4211.81,32996,23,0
2023-05-29,4233.59,4236.59,4214.4,4219.06,16701,23,0
2023-05-30,4218.4,4237.31,4194.67,4209.24,37384,23,0
2023-05-31,4205.7,4211.51,4168.34,4183.49,37331,23,0
2023-06-01,4182.25,4233.86,4172.18,4226.12,35695,23,0
2023-06-02,4225.66,4292.18,4223.23,4283.54,32547,23,0
2023-06-05,4283.86,4302.02,4269.52,4276.69,33775,23,0
2023-06-06,4275.01,4291.56,4265.41,4289.13,30393,23,0
2023-06-07,4289.01,4301.89,4266.72,4271.35,32780,23,0
2023-06-08,4270.63,4299.93,4260.01,4295.74,29376,23,0
2023-06-09,4294.97,4323.57,4282.17,4303.24,31426,23,0
2023-06-12,4305.53,4346.6,4304.73,4346.15,40563,23,0
2023-06-13,4344.99,4378.41,4336.37,4374.06,54348,23,0
2023-06-14,4371.52,4394.84,4339.88,4380.17,57603,23,0
2023-06-15,4378.24,4441.88,4349.97,4423.27,40867,23,0
2023-06-16,4424.19,4449.61,4407.3,4414.81,37200,23,0
2023-06-19,4416.74,4419.51,4401.21,4406.26,17283,23,0
2023-06-20,4406.79,4409.15,4369.26,4389.8,31520,23,0
2023-06-21,4389.26,4397.13,4362.72,4369.13,33437,23,0
2023-06-22,4368.5,4386.36,4352.31,4384.9,32507,23,0
2023-06-23,4384.56,4385.67,4341.9,4348.3,33106,23,0
2023-06-26,4351.87,4364.76,4330.66,4336.98,36801,23,0
2023-06-27,4337.53,4387.6,4333.84,4377.39,30151,23,0
2023-06-28,4376.68,4393.47,4362.61,4386.07,33000,23,0
2023-06-29,4386.6,4401.49,4373.25,4399.72,32376,23,0
2023-06-30,4398.09,4462.0,4396.59,4446.5,25340,23,0
2023-07-03,4451.18,4459.67,4445.29,4457.67,17664,23,0
2023-07-04,4456.08,4459.91,4452.63,4456.56,12802,23,0
2023-07-05,4456.23,4458.85,4432.8,4449.11,21313,23,0
2023-07-06,4448.07,4449.58,4386.73,4411.65,26331,23,0
2023-07-07,4408.71,4442.81,4398.36,4404.43,29664,23,0
2023-07-10,4405.99,4417.15,4379.65,4414.07,28636,23,0
2023-07-11,4414.07,4447.97,4408.34,4441.95,25122,23,0
2023-07-12,4440.64,4493.32,4439.65,4480.33,28158,23,0
2023-07-13,4480.14,4521.72,4479.08,4509.31,21417,23,0
2023-07-14,4509.26,4531.16,4502.04,4506.69,26497,23,0
2023-07-17,4507.46,4538.64,4500.33,4522.67,21786,23,0
2023-07-18,4523.65,4568.11,4518.54,4556.85,23578,23,0
2023-07-19,4556.2,4583.4,4555.89,4569.87,26811,23,0
2023-07-20,4565.76,4568.04,4531.63,4541.14,27886,23,0
2023-07-21,4541.23,4564.92,4536.46,4539.09,28606,23,0
2023-07-24,4541.15,4569.25,4536.67,4562.8,26765,23,0
2023-07-25,4562.32,4586.35,4556.84,4582.48,23107,23,0
2023-07-26,4580.87,4588.72,4552.19,4571.31,34736,23,0
2023-07-27,4572.48,4612.84,4532.63,4546.4,34745,23,0
2023-07-28,4545.73,4595.27,4536.69,4586.14,35005,23,0
2023-07-31,4589.6,4599.82,4575.8,4597.38,27646,23,0
2023-08-01,4597.13,4602.04,4570.21,4577.41,25837,23,0
2023-08-02,4555.28,4572.71,4506.73,4513.32,35086,23,0
2023-08-03,4513.12,4526.46,4485.1,4504.11,43578,23,0
2023-08-04,4502.31,4540.42,4473.94,4478.05,43824,23,0
2023-08-07,4482.38,4523.73,4481.88,4522.39,31590,23,0
2023-08-08,4522.13,4522.94,4464.74,4499.83,36077,23,0
2023-08-09,4499.23,4518.88,4461.35,4476.26,33527,23,0
2023-08-10,4476.27,4527.67,4456.8,4469.72,53860,23,0
2023-08-11,4470.09,4478.89,4442.31,4467.29,43243,23,0
2023-08-14,4469.34,4492.98,4449.77,4492.3,40589,23,0
2023-08-15,4490.93,4502.46,4432.52,4438.36,42656,23,0
2023-08-16,4437.96,4452.33,4402.58,4405.43,42000,23,0
2023-08-17,4404.78,4421.84,4363.29,4365.08,38342,23,0
2023-08-18,4364.47,4381.67,4335.76,4366.0,46292,23,0
2023-08-21,4369.51,4408.64,4360.21,4397.15,36796,23,0
2023-08-22,4397.87,4428.38,4383.07,4388.86,36862,23,0
2023-08-23,4388.59,4465.5,4388.55,4465.08,33060,23,0
2023-08-24,4461.41,4475.01,4368.65,4373.63,44487,23,0
2023-08-25,4374.21,4418.57,4355.48,4402.86,54628,23,0
2023-08-28,4409.64,4441.77,4406.23,4436.82,34991,23,0
2023-08-29,4436.47,4501.89,4426.39,4501.24,32628,23,0
2023-08-30,4500.51,4523.52,4489.06,4520.19,33729,23,0
2023-08-31,4518.72,4533.67,4505.61,4510.09,30001,23,0
2023-09-01,4509.42,4540.68,4500.45,4511.96,36958,23,0
2023-09-04,4516.18,4526.45,4510.68,4514.29,15850,23,0
2023-09-05,4515.56,4516.75,4495.47,4496.72,31306,23,0
2023-09-06,4495.69,4500.02,4443.48,4466.41,33472,23,0
2023-09-07,4466.19,4467.7,4430.9,4454.11,33052,23,0
2023-09-08,4454.32,4474.32,4439.94,4460.27,30628,23,0
2023-09-11,4462.42,4492.9,4458.18,4487.7,32366,23,0
2023-09-12,4485.81,4490.11,4458.56,4464.71,43842,23,0
2023-09-13,4464.7,4481.68,4447.17,4472.51,66894,23,0
2023-09-14,4471.66,4513.01,4469.5,4509.85,44671,23,0
2023-09-15,4507.79,4517.35,4445.89,4451.21,39174,23,0
2023-09-18,4451.82,4468.2,4440.9,4456.26,32718,23,0
2023-09-19,4457.16,4463.79,4416.92,4446.4,29791,23,0
2023-09-20,4445.29,4462.58,4398.1,4398.84,40194,23,0
2023-09-21,4400.15,4401.83,4322.08,4324.1,42343,23,0
2023-09-22,4325.53,4354.83,4313.49,4318.75,39166,23,0
2023-09-25,4323.07,4341.81,4296.64,4341.44,41957,23,0
2023-09-26,4339.23,4339.39,4264.26,4278.05,40523,23,0
2023-09-27,4279.38,4295.3,4236.61,4282.49,41042,23,0
2023-09-28,4282.14,4315.21,4260.66,4301.83,54461,23,0
2023-09-29,4301.25,4330.89,4271.18,4289.48,51335,23,0
2023-10-02,4312.64,4317.7,4257.57,4288.67,60698,23,0
2023-10-03,4287.78,4297.95,4213.98,4225.55,58024,23,0
2023-10-04,4225.07,4267.26,4198.63,4254.54,63772,23,0
2023-10-05,4253.59,4265.27,4221.13,4251.73,55512,23,0
2023-10-06,4250.82,4321.82,4205.51,4308.4,62181,23,0
2023-10-09,4277.68,4341.0,4264.79,4334.06,54701,23,0
2023-10-10,4334.59,4384.99,4332.06,4357.58,44115,23,0
2023-10-11,4357.59,4386.39,4343.99,4386.05,42972,23,0
2023-10-12,4383.96,4397.21,4322.6,4347.61,45000,23,0
2023-10-13,4348.39,4375.14,4308.7,4318.97,54510,23,0
2023-10-16,4326.08,4383.78,4323.77,4376.07,46519,23,0
2023-10-17,4375.9,4393.67,4336.14,4370.29,47753,23,0
2023-10-18,4368.76,4369.74,4302.05,4318.54,52985,23,0
2023-10-19,4317.33,4338.28,4264.67,4267.99,70949,23,0
2023-10-20,4266.26,4275.95,4217.03,4217.24,58003,23,0
2023-10-23,4230.03,4254.75,4187.55,4224.75,56328,23,0
2023-10-24,4225.36,4265.4,4216.77,4245.64,51032,23,0
2023-10-25,4242.81,4248.59,4179.49,4186.71,57053,23,0
2023-10-26,4177.37,4181.22,4122.8,4136.52,65027,23,0
2023-10-27,4143.36,4161.59,4099.43,4113.34,58939,23,0
2023-10-29,4127.42,4131.47,4121.8,4128.77,1734,23,0
2023-10-30,4128.55,4176.18,4124.69,4162.23,42664,23,0
2023-10-31,4162.18,4194.31,4145.7,4184.52,47493,23,0
2023-11-01,4184.46,4244.8,4171.21,4239.66,51826,23,0
2023-11-02,4240.21,4319.63,4239.67,4309.48,34024,23,0
2023-11-03,4309.44,4372.51,4306.94,4359.86,35999,23,0
2023-11-06,4362.33,4372.41,4347.48,4363.29,28977,23,0
2023-11-07,4362.82,4387.21,4349.71,4381.3,29998,23,0
2023-11-08,4380.38,4391.95,4359.36,4377.77,30114,23,0
2023-11-09,4376.43,4396.92,4342.45,4349.18,36945,23,0
2023-11-10,4348.57,4420.0,4338.35,4408.72,32115,23,0
2023-11-13,4411.1,4423.0,4393.65,4414.48,27317,23,0
2023-11-14,4413.15,4510.45,4406.64,4501.03,30525,23,0
2023-11-15,4501.29,4526.33,4497.03,4499.88,32843,23,0
2023-11-16,4499.2,4515.53,4487.65,4514.58,32291,23,0
2023-11-17,4513.53,4525.56,4499.06,4510.07,28497,23,0
2023-11-20,4514.9,4558.97,4507.69,4549.48,25406,23,0
2023-11-21,4550.35,4555.13,4526.37,4536.82,25540,23,0
2023-11-22,4535.83,4569.35,4531.61,4554.82,29199,23,0
2023-11-23,4554.6,4562.58,4551.34,4559.35,14920,23,0
2023-11-24,4561.42,4564.15,4553.28,4558.76,17286,23,0
2023-11-27,4559.33,4562.41,4544.28,4554.24,21637,23,0
2023-11-28,4554.49,4570.53,4540.2,4557.21,24945,23,0
2023-11-29,4556.9,4590.24,4548.98,4556.07,24937,23,0
2023-11-30,4555.61,4571.95,4537.49,4564.85,29901,23,0
2023-12-01,4564.29,4600.47,4555.7,4597.27,30325,23,0
2023-12-04,4598.43,4599.03,4548.76,4567.87,26388,23,0
2023-12-05,4568.26,4581.03,4551.13,4569.23,31421,23,0
2023-12-06,4568.91,4594.85,4548.56,4553.33,26160,23,0
2023-12-07,4551.72,4592.3,4544.96,4581.89,26381,23,0
2023-12-08,4582.1,4610.88,4558.87,4604.75,30907,23,0
2023-12-11,4606.32,4626.42,4598.32,4623.91,30501,23,0
2023-12-12,4623.96,4649.67,4609.97,4648.72,32279,23,0
2023-12-13,4648.69,4712.27,4645.46,4707.06,36071,23,0
2023-12-14,4707.7,4738.86,4693.62,4716.4,41563,23,0
2023-12-15,4714.63,4736.55,4705.09,4717.47,31702,23,0
2023-12-18,4721.33,4752.58,4719.28,4740.64,25106,23,0
2023-12-19,4740.32,4772.41,4738.23,4768.9,21632,23,0
2023-12-20,4769.12,4782.09,4694.87,4704.22,28431,23,0
2023-12-21,4704.72,4750.48,4704.6,4748.2,35502,23,0
2023-12-22,4748.44,4774.57,4737.83,4751.88,30576,23,0
2023-12-26,4756.5,4790.52,4756.41,4783.38,19587,23,0
2023-12-27,4782.91,4792.13,4772.28,4790.65,22890,23,0
2023-12-28,4789.82,4796.98,4784.07,4789.6,19783,23,0
2023-12-29,4789.0,4797.04,4753.27,4769.76,22899,23,0
2024-01-02,4775.85,4787.21,4725.08,4748.2,31133,23,0
2024-01-03,4749.52,4750.04,4701.03,4709.06,34016,23,0
2024-01-04,4709.87,4726.64,4687.61,4692.46,31094,23,0
2024-01-05,4693.91,4721.26,4663.01,4696.87,40441,23,0
2024-01-08,4697.85,4766.38,4678.25,4760.85,30363,23,0
2024-01-09,4761.03,4767.25,4730.84,4754.02,29085,23,0
2024-01-10,4753.54,4792.47,4749.73,4784.34,27560,23,0
2024-01-11,4784.61,4802.2,4737.39,4776.55,43159,23,0
2024-01-12,4775.53,4801.47,4756.63,4776.15,43111,23,0
